count, nu, alpha, beta, mu, lambda, q95, q99, fileName, GLM_iter, GLM_time, GLM_lh, CLM_iter, CLM_time, CLM_lh, NVMME_iter, NVMME_time, NVMME_lh, NVMME_alpha, NVMMG_iter, NVMMG_time, NVMMG_lh, NVMMG_alpha, NVMMC_iter, NVMMC_time, NVMMC_lh, NVMMC_alpha, unused
1000, 0.15, -0.5, 0, 0.7, 0.1, 0.943804, 2.11238, n_ 1 _nu_ 1 _alpha_ 1 _beta_ 1 _mu_ 1 _lambda_ 1.csv, 2, 14, -14090, 2, 3, -14090, 270, 211, -6210.32, -7.4031, 2, 2, -8719.42, -3.90184, 2, 9, -8304.4, -3.66495, 
1000, 0.15, -0.5, 0, 1.8, 0.1, 0.921377, 2.19831, n_ 1 _nu_ 1 _alpha_ 1 _beta_ 1 _mu_ 2 _lambda_ 1.csv, 0, 2, FeaturesException, 0, 1, FeaturesException, 480, 362, -8300.36, -8.88717, 2, 3, -11360.5, -4.24722, 2, 10, -10907.5, -4.12592, 
1000, 0.15, -0.5, 0, 0.7, 4, 0.874544, 1.46972, n_ 1 _nu_ 1 _alpha_ 1 _beta_ 1 _mu_ 1 _lambda_ 4.csv, 101, 29, -313.508, 201, 154, -312.916, 687, 523, -311.7, -0.577797, 78, 64, -311.991, -0.574658, 196, 293, -311.25, -0.577464, 
1000, 0.15, -0.5, 0, 1.8, 0.6, 1.16179, 2.20096, n_ 1 _nu_ 1 _alpha_ 1 _beta_ 1 _mu_ 2 _lambda_ 2.csv, 203, 32, -1675.4, 48, 36, -1675.22, 540, 401, -1644.23, -0.728242, 125, 122, -1644.41, -0.726699, 3, 6, -1697.74, -0.715516, 
1000, 0.15, -0.5, 0, 0.7, 0.6, 1.07106, 2.02225, n_ 1 _nu_ 1 _alpha_ 1 _beta_ 1 _mu_ 1 _lambda_ 2.csv, 170, 40, -1633.8, 136, 90, -1633.28, 571, 430, -1531.21, -1.04086, 209, 182, -1531.31, -1.03815, 341, 521, -1530.99, -1.03786, 
1000, 0.15, -0.5, 0, 0.7, 1.1, 1.03557, 1.87421, n_ 1 _nu_ 1 _alpha_ 1 _beta_ 1 _mu_ 1 _lambda_ 3.csv, 386, 77, -1111.1, 273, 188, -1110.93, 548, 414, -1092.5, -0.712326, 296, 254, -1092.43, -0.70989, 295, 481, -1092.39, -0.707892, 
1000, 0.15, -0.5, 0, 1.8, 1.1, 1.14945, 2.07191, n_ 1 _nu_ 1 _alpha_ 1 _beta_ 1 _mu_ 2 _lambda_ 3.csv, 274, 43, -1311.79, 201, 178, -1311.66, 694, 515, -1309.4, -0.565243, 219, 185, -1309.19, -0.564812, 3, 7, -1340.54, -0.532406, 
1000, 0.15, -0.5, 0, 1.8, 4, 1.00924, 1.67946, n_ 1 _nu_ 1 _alpha_ 1 _beta_ 1 _mu_ 2 _lambda_ 4.csv, 68, 11, -536.346, 207, 307, -536.199, 511, 386, -536.463, -0.502479, 56, 46, -536.315, -0.501673, 210, 452, -536.199, -0.501289, 
1000, 0.15, 0.05, 0, 0.7, 0.1, 5.22171, 9.75843, n_ 1 _nu_ 1 _alpha_ 2 _beta_ 1 _mu_ 1 _lambda_ 1.csv, 171, 29, -2044.7, 286, 319, -2044.08, 675, 508, -2043.19, 0.0658076, 191, 159, -2043.57, 0.0659689, 289, 529, -2043.04, 0.0655804, 
1000, 0.15, 0.05, 0, 0.7, 0.6, 2.44319, 4.23013, n_ 1 _nu_ 1 _alpha_ 2 _beta_ 1 _mu_ 1 _lambda_ 2.csv, 165, 25, -1116, 390, 410, -1115.46, 650, 483, -1115.75, 0.0612145, 157, 131, -1115.86, 0.0611308, 390, 688, -1115.29, 0.0609936, 
1000, 0.15, 0.05, 0, 0.7, 4, 1.26099, 2.012, n_ 1 _nu_ 1 _alpha_ 2 _beta_ 1 _mu_ 1 _lambda_ 4.csv, 32, 5, -342.23, 161, 341, -341.705, 73, 57, -342.055, 0.0358757, 32, 28, -342.142, 0.0360139, 161, 453, -341.617, 0.03606, 
1000, 0.15, 0.05, 0, 0.7, 1.1, 1.95197, 3.28906, n_ 1 _nu_ 1 _alpha_ 2 _beta_ 1 _mu_ 1 _lambda_ 3.csv, 154, 23, -854.118, 335, 247, -853.421, 834, 620, -853.548, 0.0313371, 121, 101, -853.985, 0.0313164, 334, 486, -853.096, 0.0312738, 
1000, 0.15, 0.05, 0, 1.8, 0.1, 5.86822, 10.519, n_ 1 _nu_ 1 _alpha_ 2 _beta_ 1 _mu_ 2 _lambda_ 1.csv, 197, 38, -2236.01, 275, 243, -2235.42, 762, 573, -2230.74, 0.0819578, 222, 203, -2231.02, 0.0819762, 287, 461, -2230.53, 0.0817237, 
1000, 0.15, 0.05, 0, 1.8, 4, 1.5303, 2.35621, n_ 1 _nu_ 1 _alpha_ 2 _beta_ 1 _mu_ 2 _lambda_ 4.csv, 27, 4, -509.526, 186, 298, -509.051, 346, 258, -507.762, 0.1044, 27, 22, -507.903, 0.103982, 183, 424, -507.441, 0.104472, 
1000, 0.15, 0.05, 0, 1.8, 1.1, 2.31252, 3.73372, n_ 1 _nu_ 1 _alpha_ 2 _beta_ 1 _mu_ 2 _lambda_ 3.csv, 255, 32, -1152.19, 387, 315, -1152.05, 761, 572, -1152.52, 0.0493238, 255, 217, -1152.18, 0.0492718, 387, 591, -1152.04, 0.049077, 
1000, 0.15, 0.05, 0, 1.8, 0.6, 2.85725, 4.73295, n_ 1 _nu_ 1 _alpha_ 2 _beta_ 1 _mu_ 2 _lambda_ 2.csv, 222, 30, -1451.36, 372, 487, -1451.19, 685, 505, -1451.61, 0.0514848, 222, 184, -1451.35, 0.051263, 372, 759, -1451.19, 0.0511526, 
1000, 0.15, 0.2, 0, 0.7, 0.6, 3.01836, 5.17211, n_ 1 _nu_ 1 _alpha_ 3 _beta_ 1 _mu_ 1 _lambda_ 2.csv, 65, 10, -1142.86, 226, 433, -1142.85, 260, 201, -1142.98, 0.201011, 61, 52, -1142.87, 0.199765, 226, 585, -1142.85, 0.199898, 
1000, 0.15, 0.2, 0, 0.7, 4, 1.38305, 2.1862, n_ 1 _nu_ 1 _alpha_ 3 _beta_ 1 _mu_ 1 _lambda_ 4.csv, 21, 5, -318.686, 153, 229, -318.273, 89, 65, -316.611, 0.127182, 13, 11, -316.485, 0.125515, 153, 335, -316.124, 0.127924, 
1000, 0.15, 0.2, 0, 0.7, 1.1, 2.29274, 3.8251, n_ 1 _nu_ 1 _alpha_ 3 _beta_ 1 _mu_ 1 _lambda_ 3.csv, 41, 6, -856.53, 112, 185, -856.449, 364, 270, -854.1, 0.258656, 29, 24, -854.054, 0.257847, 108, 249, -853.923, 0.257817, 
1000, 0.15, 0.2, 0, 0.7, 0.1, 8.33933, 15.3757, n_ 1 _nu_ 1 _alpha_ 3 _beta_ 1 _mu_ 1 _lambda_ 1.csv, 337, 53, -2116.22, 333, 319, -2115.76, 651, 493, -2115.87, 0.208838, 279, 240, -2115.96, 0.208641, 331, 543, -2115.55, 0.208528, 
1000, 0.15, 0.2, 0, 1.8, 4, 1.69233, 2.5713, n_ 1 _nu_ 1 _alpha_ 3 _beta_ 1 _mu_ 2 _lambda_ 4.csv, 74, 11, -620.776, 167, 267, -620.806, 464, 341, -620.168, 0.159217, 82, 71, -619.782, 0.158706, 173, 392, -619.81, 0.159284, 
1000, 0.15, 0.2, 0, 1.8, 0.1, 9.38329, 16.579, n_ 1 _nu_ 1 _alpha_ 3 _beta_ 1 _mu_ 2 _lambda_ 1.csv, 205, 34, -2492.58, 331, 312, -2491.82, 503, 375, -2487.87, 0.238026, 139, 116, -2488.22, 0.237313, 326, 539, -2487.58, 0.237045, 
1000, 0.15, 0.2, 0, 1.8, 1.1, 2.73559, 4.3561, n_ 1 _nu_ 1 _alpha_ 3 _beta_ 1 _mu_ 2 _lambda_ 3.csv, 83, 12, -1114.58, 234, 414, -1114.44, 387, 285, -1114.4, 0.189482, 73, 59, -1114.41, 0.18811, 245, 597, -1114.28, 0.188402, 
1000, 0.15, 0.2, 0, 1.8, 0.6, 3.55093, 5.80109, n_ 1 _nu_ 1 _alpha_ 3 _beta_ 1 _mu_ 2 _lambda_ 2.csv, 103, 15, -1351.42, 344, 397, -1350.76, 617, 462, -1351.31, 0.200655, 89, 76, -1351.42, 0.200214, 345, 629, -1350.76, 0.2004, 
1000, 0.15, 0.7, 0, 0.7, 1.1, 3.67747, 6.02463, n_ 1 _nu_ 1 _alpha_ 4 _beta_ 1 _mu_ 1 _lambda_ 3.csv, 116, 16, -1068.56, 130, 263, -1067.78, 280, 203, -1066.87, 0.642079, 81, 67, -1067.17, 0.642646, 151, 357, -1066.58, 0.639698, 
1000, 0.15, 0.7, 0, 0.7, 0.6, 5.44416, 9.17781, n_ 1 _nu_ 1 _alpha_ 4 _beta_ 1 _mu_ 1 _lambda_ 2.csv, 75, 11, -1384.85, 233, 359, -1383.49, 291, 215, -1382.48, 0.76269, 23, 19, -1388.42, 0.699373, 225, 544, -1382.38, 0.75825, 
1000, 0.15, 0.7, 0, 0.7, 4, 1.83956, 2.84537, n_ 1 _nu_ 1 _alpha_ 4 _beta_ 1 _mu_ 1 _lambda_ 4.csv, 104, 14, -366.046, 180, 199, -365.614, 521, 384, -366.04, 0.729333, 15, 12, -368.618, 0.679562, 177, 340, -365.419, 0.731187, 
1000, 0.15, 0.7, 0, 1.8, 0.6, 6.45096, 10.3257, n_ 1 _nu_ 1 _alpha_ 4 _beta_ 1 _mu_ 2 _lambda_ 2.csv, 65, 10, -1655.62, 224, 424, -1655.08, 71, 55, -1655.3, 0.673829, 28, 24, -1655.94, 0.659514, 230, 641, -1654.93, 0.678636, 
1000, 0.15, 0.7, 0, 0.7, 0.1, 21.8186, 39.8035, n_ 1 _nu_ 1 _alpha_ 4 _beta_ 1 _mu_ 1 _lambda_ 1.csv, 357, 82, -2923.81, 399, 911, -2921.78, 487, 395, -2867.05, 1.10035, 5, 5, -3207.44, 0.384914, 336, 1088, -2867.42, 1.06356, 
1000, 0.15, 0.7, 0, 1.8, 1.1, 4.43686, 6.89659, n_ 1 _nu_ 1 _alpha_ 4 _beta_ 1 _mu_ 2 _lambda_ 3.csv, 16, 6, -1334.8, 195, 486, -1334.78, 321, 265, -1334.69, 0.66022, 25, 25, -1334.74, 0.64326, 213, 728, -1334.23, 0.661094, 
1000, 0.15, 0.7, 0, 1.8, 4, 2.2918, 3.37955, n_ 1 _nu_ 1 _alpha_ 4 _beta_ 1 _mu_ 2 _lambda_ 4.csv, 104, 13, -559.631, 53, 85, -559.138, 109, 85, -559.193, 0.707844, 47, 41, -559.839, 0.701304, 59, 144, -559.118, 0.706987, 
1000, 0.15, 0.7, 0, 1.8, 0.1, 24.5488, 42.9156, n_ 1 _nu_ 1 _alpha_ 4 _beta_ 1 _mu_ 2 _lambda_ 1.csv, 307, 63, -3138.89, 404, 743, -3136.33, 537, 434, -3091.33, 0.98482, 5, 4, -3430.08, 0.405094, 519, 1413, -3091.36, 0.977601, 
1000, 0.15, 2, 0, 0.7, 4, 3.29496, 4.98451, n_ 1 _nu_ 1 _alpha_ 5 _beta_ 1 _mu_ 1 _lambda_ 4.csv, 112, 17, -728.656, 237, 267, -725.73, 251, 188, -725.597, 1.88165, 11, 9, -785.936, 1.04835, 242, 482, -725.288, 1.8752, 
1000, 0.15, 2, 0, 0.7, 0.6, 13.1453, 21.9957, n_ 1 _nu_ 1 _alpha_ 5 _beta_ 1 _mu_ 1 _lambda_ 2.csv, 247, 48, -2334.5, 441, 840, -2329.06, 588, 475, -2326.54, 1.73699, 7, 6, -2493.51, 0.555176, 562, 1376, -2329.62, 1.51561, 
1000, 0.15, 2, 0, 0.7, 1.1, 8.17202, 13.2404, n_ 1 _nu_ 1 _alpha_ 5 _beta_ 1 _mu_ 1 _lambda_ 3.csv, 116, 19, -1731.5, 366, 479, -1724.1, 732, 591, -1724.33, 1.9661, 7, 6, -1855.65, 0.630856, 1000, 1945, -1724.6, 1.8824, 
1000, 0.15, 2, 0, 1.8, 1.1, 9.91096, 15.1952, n_ 1 _nu_ 1 _alpha_ 5 _beta_ 1 _mu_ 2 _lambda_ 3.csv, 215, 38, -2090.36, 242, 424, -2088.58, 856, 626, -2088.47, 1.74229, 7, 6, -2200.11, 0.688365, 725, 1650, -2088.47, 1.70584, 
1000, 0.15, 2, 0, 0.7, 0.1, 60.0676, 109.366, n_ 1 _nu_ 1 _alpha_ 5 _beta_ 1 _mu_ 1 _lambda_ 1.csv, 193, 47, -4313.58, 615, 2233, -4295.43, 678, 500, -4138.68, 1.26348, 4, 4, -5425.36, 0.391289, 985, 4203, -4139.41, 1.23239, 
1000, 0.15, 2, 0, 1.8, 4, 4.17287, 5.97645, n_ 1 _nu_ 1 _alpha_ 5 _beta_ 1 _mu_ 2 _lambda_ 4.csv, 228, 34, -935.448, 209, 189, -933.785, 345, 264, -934.053, 1.95078, 38, 31, -944.007, 1.5072, 243, 438, -933.762, 1.95725, 
1000, 0.15, 2, 0, 1.8, 0.6, 15.6111, 24.7716, n_ 1 _nu_ 1 _alpha_ 5 _beta_ 1 _mu_ 2 _lambda_ 2.csv, 117, 23, -2578.77, 342, 793, -2571.83, 960, 707, -2567.62, 2.2922, 5, 4, -2778.54, 0.580474, 916, 2906, -2569.93, 2.09316, 
1000, 0.15, 2, 0, 1.8, 0.1, 67.5773, 117.913, n_ 1 _nu_ 1 _alpha_ 5 _beta_ 1 _mu_ 2 _lambda_ 1.csv, 224, 57, -4525.42, 530, 1984, -4516.28, 500, 369, -4359.65, 1.42647, 4, 4, -5776.45, 0.41154, 1000, 4359, -4360.85, 1.38374, 
1000, 0.15, 5, 0, 0.7, 0.6, 32.0024, 53.4723, n_ 1 _nu_ 1 _alpha_ 6 _beta_ 1 _mu_ 1 _lambda_ 2.csv, 245, 52, -4679, 645, 1291, -4661.86, 1000, 811, -3328.55, 1.52106, 3, 3, -3682.84, 0.481602, 1000, 2706, -3333.32, 1.37225, 
1000, 0.15, 5, 0, 0.7, 1.1, 19.5067, 31.5229, n_ 1 _nu_ 1 _alpha_ 6 _beta_ 1 _mu_ 1 _lambda_ 3.csv, 192, 42, -3201.44, 611, 1276, -3183.99, 1000, 791, -2776.11, 1.90497, 3, 3, -3120.91, 0.568125, 1000, 2508, -2781.45, 1.66165, 
1000, 0.15, 5, 0, 0.7, 4, 7.22104, 10.8262, n_ 1 _nu_ 1 _alpha_ 6 _beta_ 1 _mu_ 1 _lambda_ 4.csv, 145, 29, -1467.44, 490, 729, -1456.05, 1000, 737, -1465.99, 2.74235, 7, 6, -1633.48, 0.862413, 1000, 1924, -1463.04, 2.90975, 
1000, 0.15, 5, 0, 0.7, 0.1, 149.475, 272.075, n_ 1 _nu_ 1 _alpha_ 6 _beta_ 1 _mu_ 1 _lambda_ 1.csv, 187, 79, -25652.8, 660, 2501, -25625.6, 428, 313, -5288.27, 1.04624, 2, 2, -8760.93, 0.314876, 1000, 4741, -5289.39, 1.02749, 
1000, 0.15, 5, 0, 1.8, 0.1, 168.16, 293.36, n_ 1 _nu_ 1 _alpha_ 6 _beta_ 1 _mu_ 2 _lambda_ 1.csv, 131, 58, -24378.3, 663, 3087, -24342.7, 412, 306, -5881.48, 1.40334, 2, 2, -9737.63, 0.376196, 2, 16, -9439.47, 0.338172, 
1000, 0.5, -0.5, 0, 0.7, 0.1, 0.783666, 2.10126, n_ 1 _nu_ 2 _alpha_ 1 _beta_ 1 _mu_ 1 _lambda_ 1.csv, 0, 0, FeaturesException, 0, 0, FeaturesException, 0, 0, FeaturesException, -, 0, 0, FeaturesException, -, 0, 0, FeaturesException, -, 
1000, 0.5, -0.5, 0, 0.7, 0.6, 1.11702, 2.16419, n_ 1 _nu_ 2 _alpha_ 1 _beta_ 1 _mu_ 1 _lambda_ 2.csv, 218, 34, -2217.15, 104, 63, -2217.05, 338, 277, -2069.15, -1.07054, 247, 234, -2069.21, -1.0686, 3, 7, -2137.27, -0.944064, 
1000, 0.15, 5, 0, 1.8, 0.6, 38.0182, 60.2301, n_ 1 _nu_ 1 _alpha_ 6 _beta_ 1 _mu_ 2 _lambda_ 2.csv, 179, 61, -4502.52, 652, 1735, -4478.58, 1000, 760, -3715.1, 1.88002, 3, 3, -4227.72, 0.555658, 407, 1430, -3735.71, 1.46834, 
1000, 0.15, 5, 0, 1.8, 1.1, 23.6815, 36.1957, n_ 1 _nu_ 1 _alpha_ 6 _beta_ 1 _mu_ 2 _lambda_ 3.csv, 163, 35, -3360.35, 629, 1069, -3339.48, 1000, 740, -3157.1, 1.23755, 3, 3, -3338.32, 0.624098, 1000, 2079, -3151.86, 1.35232, 
1000, 0.5, -0.5, 0, 1.8, 0.1, 0.698278, 2.12141, n_ 1 _nu_ 2 _alpha_ 1 _beta_ 1 _mu_ 2 _lambda_ 1.csv, 0, 0, FeaturesException, 0, 1, FeaturesException, 0, 1, FeaturesException, -, 0, 1, FeaturesException, -, 0, 1, FeaturesException, -, 
1000, 0.5, -0.5, 0, 1.8, 0.6, 1.17173, 2.29353, n_ 1 _nu_ 2 _alpha_ 1 _beta_ 1 _mu_ 2 _lambda_ 2.csv, 3, 3, -2335.42, 3, 2, -2335.42, 394, 316, -2204.88, -0.972298, 157, 144, -2205.04, -0.969743, 3, 6, -2279.55, -0.962975, 
1000, 0.5, -0.5, 0, 0.7, 1.1, 1.09634, 2.01043, n_ 1 _nu_ 2 _alpha_ 1 _beta_ 1 _mu_ 1 _lambda_ 3.csv, 362, 61, -1263.42, 237, 192, -1263.28, 646, 525, -1261.28, -0.561309, 289, 271, -1261.19, -0.560683, 3, 7, -1295.41, -0.516298, 
1000, 0.5, -0.5, 0, 1.8, 1.1, 1.18136, 2.16724, n_ 1 _nu_ 2 _alpha_ 1 _beta_ 1 _mu_ 2 _lambda_ 3.csv, 178, 29, -1596.31, 99, 65, -1596.24, 590, 487, -1561.04, -0.746031, 236, 213, -1560.91, -0.746701, 3, 6, -1618.41, -0.738623, 
1000, 0.5, -0.5, 0, 0.7, 4, 0.923468, 1.5575, n_ 1 _nu_ 2 _alpha_ 1 _beta_ 1 _mu_ 1 _lambda_ 4.csv, 173, 29, -439.522, 204, 428, -439.392, 422, 341, -439.638, -0.498014, 141, 121, -439.488, -0.495604, 207, 592, -439.387, -0.497126, 
1000, 0.5, -0.5, 0, 1.8, 4, 1.04253, 1.74408, n_ 1 _nu_ 2 _alpha_ 1 _beta_ 1 _mu_ 2 _lambda_ 4.csv, 33, 6, -719.253, 193, 218, -718.739, 564, 455, -719.208, -0.481879, 53, 46, -718.89, -0.481658, 3, 6, -720.065, -0.475571, 
1000, 0.15, 5, 0, 1.8, 4, 9.19853, 13.0263, n_ 1 _nu_ 1 _alpha_ 6 _beta_ 1 _mu_ 2 _lambda_ 4.csv, 121, 21, -1844.6, 494, 569, -1830.93, 1000, 794, -1852.88, 1.77089, 5, 4, -1987.99, 0.838078, 1000, 1806, -1834.23, 2.8281, 
1000, 0.5, 0.05, 0, 0.7, 0.6, 2.89524, 4.88543, n_ 1 _nu_ 2 _alpha_ 2 _beta_ 1 _mu_ 1 _lambda_ 2.csv, 64, 9, -1265.98, 194, 355, -1265.96, 352, 295, -1266.19, 0.0597813, 60, 55, -1265.84, 0.0594051, 192, 493, -1265.82, 0.0594229, 
1000, 0.5, 0.05, 0, 0.7, 0.1, 6.9261, 12.143, n_ 1 _nu_ 2 _alpha_ 2 _beta_ 1 _mu_ 1 _lambda_ 1.csv, 342, 58, -2527.23, 228, 148, -2527.07, 661, 539, -2526.91, 0.0559987, 339, 313, -2527, 0.0560103, 231, 327, -2526.84, 0.0558507, 
1000, 0.5, 0.05, 0, 0.7, 4, 1.37214, 2.17613, n_ 1 _nu_ 2 _alpha_ 2 _beta_ 1 _mu_ 1 _lambda_ 4.csv, 137, 20, -419.431, 270, 305, -419.406, 612, 505, -418.293, -0.00658886, 139, 124, -417.819, -0.00657396, 272, 528, -417.796, -0.00657834, 
1000, 0.5, 0.05, 0, 0.7, 1.1, 2.24116, 3.71195, n_ 1 _nu_ 2 _alpha_ 2 _beta_ 1 _mu_ 1 _lambda_ 3.csv, 62, 10, -1010.22, 265, 436, -1009.8, 529, 425, -1008.28, 0.0906384, 81, 78, -1008.37, 0.090368, 264, 691, -1008, 0.090458, 
1000, 0.5, 0.05, 0, 1.8, 0.1, 7.3658, 12.632, n_ 1 _nu_ 2 _alpha_ 2 _beta_ 1 _mu_ 2 _lambda_ 1.csv, 53, 12, -2718.08, 120, 116, -2717.43, 690, 594, -2717.54, 0.0489287, 65, 60, -2717.94, 0.0489547, 124, 207, -2717.42, 0.0488003, 
1000, 0.5, 0.05, 0, 1.8, 4, 1.62068, 2.48891, n_ 1 _nu_ 2 _alpha_ 2 _beta_ 1 _mu_ 2 _lambda_ 4.csv, 26, 6, -612.096, 119, 117, -611.541, 538, 425, -608.394, -0.0261498, 26, 23, -608.386, -0.0261379, 120, 190, -607.83, -0.0261811, 
1000, 0.5, 0.05, 0, 1.8, 0.6, 3.23714, 5.28645, n_ 1 _nu_ 2 _alpha_ 2 _beta_ 1 _mu_ 2 _lambda_ 2.csv, 321, 51, -1559.45, 315, 306, -1559.33, 843, 692, -1558.57, 0.0271033, 319, 271, -1558.26, 0.027086, 312, 552, -1558.15, 0.0270137, 
1000, 0.5, 0.05, 0, 1.8, 1.1, 2.55249, 4.08534, n_ 1 _nu_ 2 _alpha_ 2 _beta_ 1 _mu_ 2 _lambda_ 3.csv, 236, 34, -1264.77, 362, 418, -1264.68, 674, 516, -1263.86, 0.0781188, 241, 219, -1263.58, 0.0776475, 358, 664, -1263.51, 0.0776181, 
1000, 0.5, 0.2, 0, 0.7, 0.1, 11.5251, 19.6271, n_ 1 _nu_ 2 _alpha_ 3 _beta_ 1 _mu_ 1 _lambda_ 1.csv, 197, 39, -2618.08, 332, 440, -2617.09, 425, 370, -2608.59, 0.253218, 239, 204, -2609.14, 0.252766, 338, 809, -2608.66, 0.252821, 
1000, 0.5, 0.2, 0, 0.7, 0.6, 3.65101, 6.0541, n_ 1 _nu_ 2 _alpha_ 3 _beta_ 1 _mu_ 1 _lambda_ 2.csv, 57, 9, -1368.98, 243, 477, -1368.52, 491, 354, -1368.52, 0.211156, 39, 32, -1368.86, 0.210184, 244, 606, -1368.36, 0.210631, 
1000, 0.5, 0.2, 0, 0.7, 1.1, 2.67123, 4.35974, n_ 1 _nu_ 2 _alpha_ 3 _beta_ 1 _mu_ 1 _lambda_ 3.csv, 41, 6, -1041.13, 140, 281, -1041.24, 295, 233, -1040.73, 0.175508, 40, 36, -1040.48, 0.174419, 155, 411, -1040.57, 0.174399, 
1000, 0.5, 0.2, 0, 0.7, 4, 1.51448, 2.37536, n_ 1 _nu_ 2 _alpha_ 3 _beta_ 1 _mu_ 1 _lambda_ 4.csv, 23, 3, -423.12, 166, 260, -422.901, 291, 213, -423.46, 0.210974, 10, 8, -422.978, 0.210302, 166, 363, -422.844, 0.211579, 
1000, 0.5, 0.2, 0, 1.8, 4, 1.80117, 2.72629, n_ 1 _nu_ 2 _alpha_ 3 _beta_ 1 _mu_ 2 _lambda_ 4.csv, 184, 23, -617.918, 142, 149, -617.759, 217, 173, -618.156, 0.195485, 180, 159, -617.909, 0.195262, 141, 269, -617.751, 0.196278, 
1000, 0.5, 0.2, 0, 1.8, 1.1, 3.05612, 4.80758, n_ 1 _nu_ 2 _alpha_ 3 _beta_ 1 _mu_ 2 _lambda_ 3.csv, 79, 11, -1234.36, 155, 284, -1234.16, 350, 265, -1232.26, 0.161219, 67, 59, -1232.29, 0.159917, 176, 455, -1232.16, 0.160527, 
1000, 0.5, 0.2, 0, 1.8, 0.1, 12.2411, 20.4057, n_ 1 _nu_ 2 _alpha_ 3 _beta_ 1 _mu_ 2 _lambda_ 1.csv, 225, 43, -2890.06, 308, 349, -2889.19, 500, 381, -2862.71, 0.298716, 224, 216, -2863.18, 0.296468, 306, 654, -2862.61, 0.296411, 
1000, 0.5, 0.2, 0, 1.8, 0.6, 4.09397, 6.55831, n_ 1 _nu_ 2 _alpha_ 3 _beta_ 1 _mu_ 2 _lambda_ 2.csv, 117, 17, -1603.8, 335, 277, -1602.94, 781, 617, -1603.35, 0.202631, 229, 216, -1603.32, 0.202447, 336, 529, -1602.93, 0.202051, 
1000, 0.5, 0.7, 0, 0.7, 4, 2.04786, 3.12941, n_ 1 _nu_ 2 _alpha_ 4 _beta_ 1 _mu_ 1 _lambda_ 4.csv, 163, 21, -514.546, 110, 168, -514.077, 329, 259, -514.312, 0.689569, 61, 50, -514.816, 0.68046, 114, 252, -514.053, 0.690263, 
1000, 0.5, 0.7, 0, 0.7, 0.6, 6.82218, 10.9994, n_ 1 _nu_ 2 _alpha_ 4 _beta_ 1 _mu_ 1 _lambda_ 2.csv, 149, 27, -1727.1, 243, 422, -1726.55, 359, 265, -1726.77, 0.692151, 28, 25, -1728.76, 0.648198, 265, 650, -1726.52, 0.688807, 
1000, 0.5, 0.7, 0, 0.7, 1.1, 4.4162, 7.01115, n_ 1 _nu_ 2 _alpha_ 4 _beta_ 1 _mu_ 1 _lambda_ 3.csv, 203, 29, -1265.68, 234, 283, -1264.98, 362, 271, -1262.73, 0.79607, 25, 21, -1267.04, 0.729914, 253, 474, -1262.34, 0.797112, 
1000, 0.5, 0.7, 0, 0.7, 0.1, 31.0642, 51.786, n_ 1 _nu_ 2 _alpha_ 4 _beta_ 1 _mu_ 1 _lambda_ 1.csv, 241, 52, -3580.89, 369, 880, -3579.13, 419, 308, -3505.21, 1.08359, 3, 3, -3961.71, 0.441078, 425, 1177, -3505.11, 1.07684, 
1000, 0.5, 0.7, 0, 1.8, 1.1, 5.08108, 7.75096, n_ 1 _nu_ 2 _alpha_ 4 _beta_ 1 _mu_ 2 _lambda_ 3.csv, 134, 27, -1482.66, 228, 292, -1481.64, 584, 420, -1480.66, 0.768835, 11, 10, -1489.82, 0.635792, 218, 442, -1480.27, 0.771023, 
1000, 0.5, 0.7, 0, 1.8, 0.6, 7.66537, 11.925, n_ 1 _nu_ 2 _alpha_ 4 _beta_ 1 _mu_ 2 _lambda_ 2.csv, 205, 40, -1941.89, 294, 563, -1940.93, 431, 311, -1935.96, 0.840488, 7, 6, -1980.93, 0.545879, 354, 994, -1935.39, 0.841284, 
1000, 0.5, 0.7, 0, 1.8, 4, 2.46997, 3.61868, n_ 1 _nu_ 2 _alpha_ 4 _beta_ 1 _mu_ 2 _lambda_ 4.csv, 34, 6, -639.655, 208, 283, -638.833, 378, 275, -636.728, 0.800419, 62, 51, -636.362, 0.80321, 224, 467, -636.16, 0.802603, 
1000, 0.5, 0.7, 0, 1.8, 0.1, 32.9431, 53.8061, n_ 1 _nu_ 2 _alpha_ 4 _beta_ 1 _mu_ 2 _lambda_ 1.csv, 474, 109, -3806.21, 419, 920, -3804.64, 929, 680, -3726.47, 1.19474, 4, 4, -4171.69, 0.489645, 515, 1690, -3727.62, 1.12487, 
1000, 0.5, 2, 0, 0.7, 1.1, 10.0197, 15.634, n_ 1 _nu_ 2 _alpha_ 5 _beta_ 1 _mu_ 1 _lambda_ 3.csv, 271, 48, -2044.44, 353, 546, -2042.21, 805, 593, -2042.32, 1.88637, 5, 4, -2183.23, 0.64454, 325, 785, -2044.37, 1.67651, 
1000, 0.5, 2, 0, 0.7, 4, 3.74417, 5.56833, n_ 1 _nu_ 2 _alpha_ 5 _beta_ 1 _mu_ 1 _lambda_ 4.csv, 132, 19, -780.755, 214, 200, -779.356, 348, 251, -779.68, 2.03229, 23, 19, -804.116, 1.39255, 281, 492, -779.287, 2.02517, 
1000, 0.5, 2, 0, 0.7, 0.1, 85.9597, 142.765, n_ 1 _nu_ 2 _alpha_ 5 _beta_ 1 _mu_ 1 _lambda_ 1.csv, 393, 102, -5102.03, 599, 2305, -5093.85, 745, 540, -4820.09, 1.20155, 2, 2, -6854.5, 0.381648, 2, 10, -6681.27, 0.360434, 
1000, 0.5, 2, 0, 0.7, 0.6, 16.756, 26.6684, n_ 1 _nu_ 2 _alpha_ 5 _beta_ 1 _mu_ 1 _lambda_ 2.csv, 238, 42, -2654.04, 434, 738, -2646.9, 1000, 735, -2647.06, 1.7293, 5, 4, -2837.29, 0.538773, 1000, 2677, -2649.71, 1.51039, 
1000, 0.5, 2, 0, 1.8, 0.1, 91.1299, 148.315, n_ 1 _nu_ 2 _alpha_ 5 _beta_ 1 _mu_ 2 _lambda_ 1.csv, 298, 72, -5159.67, 596, 2223, -5147.84, 703, 515, -4988.26, 1.32689, 2, 2, -7064.55, 0.452704, 2, 11, -6919.34, 0.398927, 
1000, 0.5, 2, 0, 1.8, 4, 4.56664, 6.4801, n_ 1 _nu_ 2 _alpha_ 5 _beta_ 1 _mu_ 2 _lambda_ 4.csv, 196, 29, -1075.96, 200, 226, -1074.65, 488, 356, -1073.02, 2.27155, 28, 23, -1104.71, 1.32561, 368, 680, -1072.76, 2.25064, 
1000, 0.5, 2, 0, 1.8, 1.1, 11.5454, 17.2966, n_ 1 _nu_ 2 _alpha_ 5 _beta_ 1 _mu_ 2 _lambda_ 3.csv, 275, 47, -2216.79, 298, 459, -2214.15, 837, 625, -2213.6, 1.6281, 7, 6, -2294.55, 0.651208, 912, 2207, -2213.61, 1.59343, 
1000, 0.5, 2, 0, 1.8, 0.6, 18.8241, 28.9106, n_ 1 _nu_ 2 _alpha_ 5 _beta_ 1 _mu_ 2 _lambda_ 2.csv, 143, 27, -2854.23, 366, 694, -2849.08, 686, 522, -2851.07, 1.48486, 3, 3, -3110.26, 0.615148, 1000, 2521, -2850.56, 1.50239, 
1000, 0.5, 5, 0, 0.7, 0.6, 40.9262, 64.977, n_ 1 _nu_ 2 _alpha_ 6 _beta_ 1 _mu_ 1 _lambda_ 2.csv, 263, 105, -5405.85, 669, 1823, -5387.96, 1000, 736, -3901.05, 1.82626, 4, 4, -4533.99, 0.519771, 2, 10, -4675.45, 0.423589, 
1000, 0.5, 5, 0, 0.7, 0.1, 214.05, 355.327, n_ 1 _nu_ 2 _alpha_ 6 _beta_ 1 _mu_ 1 _lambda_ 1.csv, 362, 150, -27686.8, 698, 3287, -27669.3, 0, 0, FeaturesException, -, 0, 0, FeaturesException, -, 0, 0, FeaturesException, -, 
1000, 0.5, 5, 0, 0.7, 4, 8.28635, 12.1857, n_ 1 _nu_ 2 _alpha_ 6 _beta_ 1 _mu_ 1 _lambda_ 4.csv, 135, 25, -1699.52, 497, 617, -1686.18, 1000, 728, -1689.43, 2.46797, 5, 4, -1864.45, 0.783195, 1000, 1979, -1686.94, 2.65565, 
1000, 0.5, 5, 0, 0.7, 1.1, 24.0396, 37.3558, n_ 1 _nu_ 2 _alpha_ 6 _beta_ 1 _mu_ 1 _lambda_ 3.csv, 219, 45, -3609.54, 638, 1150, -3592.71, 1000, 728, -3118.75, 1.45564, 3, 3, -3421.91, 0.572968, 1000, 2117, -3118.95, 1.44625, 
1000, 0.5, 5, 0, 1.8, 0.6, 45.9728, 70.4371, n_ 1 _nu_ 2 _alpha_ 6 _beta_ 1 _mu_ 2 _lambda_ 2.csv, 258, 103, -5066.33, 675, 1758, -5046.17, 1000, 741, -4055.38, 1.48381, 4, 4, -4572, 0.522912, 2, 8, -4724.39, 0.448276, 
1000, 1.4, -0.5, 0, 0.7, 0.1, -0.396841, 1.50189, n_ 1 _nu_ 3 _alpha_ 1 _beta_ 1 _mu_ 1 _lambda_ 1.csv, 0, 0, FeaturesException, 0, 0, FeaturesException, 0, 0, FeaturesException, -, 0, 0, FeaturesException, -, 0, 0, FeaturesException, -, 
1000, 0.5, 5, 0, 1.8, 0.1, 226.915, 369.133, n_ 1 _nu_ 2 _alpha_ 6 _beta_ 1 _mu_ 2 _lambda_ 1.csv, 196, 80, -25841.1, 688, 2954, -25811.7, 482, 351, -6327, 1.19421, 2, 2, -10633.1, 0.412119, 2, 13, -10051.2, 0.410913, 
1000, 1.4, -0.5, 0, 0.7, 1.1, 1.19166, 2.29347, n_ 1 _nu_ 3 _alpha_ 1 _beta_ 1 _mu_ 1 _lambda_ 3.csv, 3, 1, -1872.61, 3, 2, -1872.61, 533, 384, -1792.65, -0.8869, 183, 149, -1792.45, -0.885908, 3, 6, -1862.28, -0.910942, 
1000, 1.4, -0.5, 0, 0.7, 0.6, 1.10634, 2.39641, n_ 1 _nu_ 3 _alpha_ 1 _beta_ 1 _mu_ 1 _lambda_ 2.csv, 2, 1, -3825.25, 2, 1, -3825.25, 566, 408, -3079.62, -1.75551, 163, 133, -3080.64, -1.7554, 436, 733, -3079.45, -1.7514, 
1000, 1.4, -0.5, 0, 1.8, 0.1, -0.584404, 1.44017, n_ 1 _nu_ 3 _alpha_ 1 _beta_ 1 _mu_ 2 _lambda_ 1.csv, 0, 1, FeaturesException, 0, 1, FeaturesException, 0, 0, FeaturesException, -, 0, 0, FeaturesException, -, 0, 0, FeaturesException, -, 
1000, 1.4, -0.5, 0, 1.8, 0.6, 1.0958, 2.43849, n_ 1 _nu_ 3 _alpha_ 1 _beta_ 1 _mu_ 2 _lambda_ 2.csv, 2, 1, -4781.45, 2, 2, -4781.45, 367, 265, -3295.04, -2.3905, 2, 2, -3419.38, -2.24737, 4, 14, -3406.79, -2.02812, 
1000, 0.5, 5, 0, 1.8, 4, 10.1402, 14.2098, n_ 1 _nu_ 2 _alpha_ 6 _beta_ 1 _mu_ 2 _lambda_ 4.csv, 153, 27, -2024.3, 503, 685, -2010.41, 1000, 728, -2034.8, 1.66469, 3, 3, -2183.76, 0.843119, 1000, 1787, -2017.54, 2.42006, 
1000, 1.4, -0.5, 0, 1.8, 1.1, 1.21764, 2.36918, n_ 1 _nu_ 3 _alpha_ 1 _beta_ 1 _mu_ 2 _lambda_ 3.csv, 2, 1, -2065.21, 2, 1, -2065.21, 485, 349, -1969.69, -0.864352, 224, 183, -1969.6, -0.865136, 3, 6, -2057.1, -0.919671, 
1000, 0.5, 5, 0, 1.8, 1.1, 27.7034, 41.3316, n_ 1 _nu_ 2 _alpha_ 6 _beta_ 1 _mu_ 2 _lambda_ 3.csv, 194, 39, -3680.31, 636, 1262, -3662.14, 1000, 728, -3389.32, 1.37318, 3, 3, -3579.15, 0.635574, 783, 1815, -3386.53, 1.42928, 
1000, 1.4, 0.05, 0, 0.7, 0.1, 11.018, 17.4732, n_ 1 _nu_ 3 _alpha_ 2 _beta_ 1 _mu_ 1 _lambda_ 1.csv, 3, 1, -3413.54, 3, 2, -3413.54, 515, 372, -3376.48, 0.105795, 66, 61, -3376.42, 0.105788, 35, 46, -3376.39, 0.105658, 
1000, 1.4, -0.5, 0, 1.8, 4, 1.12291, 1.90598, n_ 1 _nu_ 3 _alpha_ 1 _beta_ 1 _mu_ 2 _lambda_ 4.csv, 48, 6, -925.911, 276, 320, -925.402, 805, 579, -923.59, -0.433561, 128, 106, -923.181, -0.433592, 3, 7, -930.587, -0.415351, 
1000, 1.4, -0.5, 0, 0.7, 4, 1.04229, 1.77419, n_ 1 _nu_ 3 _alpha_ 1 _beta_ 1 _mu_ 1 _lambda_ 4.csv, 96, 13, -732.29, 453, 491, -731.819, 735, 530, -731.587, -0.462884, 76, 64, -731.56, -0.461312, 474, 808, -731.094, -0.461537, 
1000, 1.4, 0.05, 0, 1.8, 0.1, 11.1582, 17.6225, n_ 1 _nu_ 3 _alpha_ 2 _beta_ 1 _mu_ 2 _lambda_ 1.csv, 3, 1, -3221.83, 3, 2, -3221.83, 607, 437, -3198.79, 0.0943982, 10, 9, -3199.25, 0.094474, 54, 65, -3198.65, 0.0943074, 
1000, 1.4, 0.05, 0, 0.7, 0.6, 4.07038, 6.48757, n_ 1 _nu_ 3 _alpha_ 2 _beta_ 1 _mu_ 1 _lambda_ 2.csv, 120, 15, -1797.09, 327, 383, -1796.94, 566, 411, -1795.95, 0.0718858, 105, 84, -1795.7, 0.07128, 323, 607, -1795.54, 0.0712743, 
1000, 1.4, 0.05, 0, 0.7, 1.1, 3.0076, 4.77317, n_ 1 _nu_ 3 _alpha_ 2 _beta_ 1 _mu_ 1 _lambda_ 3.csv, 134, 17, -1418.32, 310, 442, -1418.36, 530, 381, -1418.65, 0.0558223, 134, 108, -1418.26, 0.0554829, 308, 648, -1418.3, 0.0554301, 
1000, 1.4, 0.05, 0, 0.7, 4, 1.67288, 2.6044, n_ 1 _nu_ 3 _alpha_ 2 _beta_ 1 _mu_ 1 _lambda_ 4.csv, 265, 36, -646.304, 233, 291, -646.201, 494, 356, -643.451, -0.0215702, 260, 210, -642.861, -0.0215928, 233, 453, -642.751, -0.021743, 
1000, 1.4, 0.05, 0, 1.8, 0.6, 4.25616, 6.69677, n_ 1 _nu_ 3 _alpha_ 2 _beta_ 1 _mu_ 2 _lambda_ 2.csv, 186, 26, -1901.3, 234, 294, -1901.19, 803, 584, -1901.56, 0.0431082, 187, 155, -1901.12, 0.042954, 234, 481, -1901.02, 0.0428843, 
1000, 1.4, 0.05, 0, 1.8, 1.1, 3.20185, 4.99737, n_ 1 _nu_ 3 _alpha_ 2 _beta_ 1 _mu_ 2 _lambda_ 3.csv, 294, 40, -1588.29, 339, 291, -1588.16, 807, 594, -1588.2, 0.064209, 287, 253, -1587.84, 0.0638943, 344, 595, -1587.7, 0.06374, 
1000, 1.4, 0.2, 0, 0.7, 0.1, 19.4589, 29.4421, n_ 1 _nu_ 3 _alpha_ 3 _beta_ 1 _mu_ 1 _lambda_ 1.csv, 100, 17, -3613.42, 241, 192, -3612.29, 490, 383, -3521.44, 0.347927, 269, 243, -3521.65, 0.346764, 372, 649, -3521.31, 0.34598, 
1000, 1.4, 0.05, 0, 1.8, 4, 1.8655, 2.84009, n_ 1 _nu_ 3 _alpha_ 2 _beta_ 1 _mu_ 2 _lambda_ 4.csv, 246, 33, -847.315, 309, 322, -847.274, 681, 529, -845.464, -0.000984635, 248, 226, -845.006, -0.000979185, 311, 567, -844.972, -0.000981024, 
1000, 1.4, 0.2, 0, 0.7, 0.6, 5.33352, 8.24849, n_ 1 _nu_ 3 _alpha_ 3 _beta_ 1 _mu_ 1 _lambda_ 2.csv, 164, 25, -1975.26, 282, 298, -1974.78, 682, 511, -1971.32, 0.24104, 99, 82, -1971.58, 0.240322, 291, 465, -1971.01, 0.240586, 
1000, 1.4, 0.2, 0, 0.7, 4, 1.874, 2.87239, n_ 1 _nu_ 3 _alpha_ 3 _beta_ 1 _mu_ 1 _lambda_ 4.csv, 192, 24, -623.543, 179, 211, -623.449, 174, 126, -622.984, 0.237327, 178, 143, -622.718, 0.237367, 178, 322, -622.626, 0.238129, 
1000, 1.4, 0.2, 0, 1.8, 0.1, 19.696, 29.6868, n_ 1 _nu_ 3 _alpha_ 3 _beta_ 1 _mu_ 2 _lambda_ 1.csv, 125, 26, -3539.66, 228, 209, -3538.76, 424, 309, -3489.62, 0.303496, 5, 4, -3525.52, 0.311209, 338, 663, -3489.57, 0.302638, 
1000, 1.4, 0.2, 0, 0.7, 1.1, 3.69278, 5.71921, n_ 1 _nu_ 3 _alpha_ 3 _beta_ 1 _mu_ 1 _lambda_ 3.csv, 42, 6, -1484.98, 368, 415, -1483.98, 673, 491, -1483.49, 0.225686, 134, 114, -1483.33, 0.22512, 337, 643, -1483.1, 0.224428, 
1000, 1.4, 0.2, 0, 1.8, 4, 2.09866, 3.13886, n_ 1 _nu_ 3 _alpha_ 3 _beta_ 1 _mu_ 2 _lambda_ 4.csv, 53, 7, -874.392, 205, 280, -873.955, 142, 103, -874.486, 0.191697, 42, 35, -874.361, 0.191529, 206, 414, -873.906, 0.1921, 
1000, 1.4, 0.2, 0, 1.8, 0.6, 5.58009, 8.51621, n_ 1 _nu_ 3 _alpha_ 3 _beta_ 1 _mu_ 2 _lambda_ 2.csv, 279, 37, -2000.92, 285, 275, -2000.8, 763, 567, -2000.85, 0.210825, 218, 176, -2000.59, 0.210637, 294, 469, -2000.5, 0.210271, 
1000, 1.4, 0.2, 0, 1.8, 1.1, 3.93759, 5.99186, n_ 1 _nu_ 3 _alpha_ 3 _beta_ 1 _mu_ 2 _lambda_ 3.csv, 179, 26, -1577.39, 354, 489, -1577.09, 502, 369, -1576.48, 0.224718, 135, 111, -1576.46, 0.22333, 360, 759, -1576.15, 0.223565, 
1000, 1.4, 0.7, 0, 0.7, 0.1, 54.3541, 79.8538, n_ 1 _nu_ 3 _alpha_ 4 _beta_ 1 _mu_ 1 _lambda_ 1.csv, 201, 42, -4558.93, 382, 965, -4553.94, 1000, 747, -4449.83, 1.09399, 2, 2, -4974.84, 0.535936, 2, 8, -4960.74, 0.477785, 
1000, 1.4, 0.7, 0, 0.7, 1.1, 6.4467, 9.56147, n_ 1 _nu_ 3 _alpha_ 4 _beta_ 1 _mu_ 1 _lambda_ 3.csv, 203, 28, -1745.38, 232, 338, -1744.95, 436, 327, -1744.59, 0.749711, 7, 6, -1768.73, 0.563226, 273, 624, -1744.21, 0.748844, 
1000, 1.4, 0.7, 0, 0.7, 0.6, 10.5505, 15.6122, n_ 1 _nu_ 3 _alpha_ 4 _beta_ 1 _mu_ 1 _lambda_ 2.csv, 251, 40, -2340.25, 405, 511, -2339.27, 580, 422, -2337.96, 0.77978, 7, 6, -2366.77, 0.561513, 314, 742, -2337.54, 0.778554, 
1000, 1.4, 0.7, 0, 0.7, 4, 2.62724, 3.88534, n_ 1 _nu_ 3 _alpha_ 4 _beta_ 1 _mu_ 1 _lambda_ 4.csv, 94, 13, -751.996, 239, 240, -751.591, 658, 485, -751.884, 0.730878, 95, 77, -751.652, 0.729591, 244, 423, -751.273, 0.735608, 
1000, 1.4, 0.7, 0, 1.8, 0.1, 54.9885, 80.4985, n_ 1 _nu_ 3 _alpha_ 4 _beta_ 1 _mu_ 2 _lambda_ 1.csv, 450, 101, -4777.46, 490, 1044, -4775.23, 616, 453, -4569.4, 1.33261, 2, 2, -5214.49, 0.567465, 2, 9, -5196.56, 0.499415, 
1000, 1.4, 0.7, 0, 1.8, 4, 2.96423, 4.26215, n_ 1 _nu_ 3 _alpha_ 4 _beta_ 1 _mu_ 2 _lambda_ 4.csv, 65, 9, -968.593, 215, 270, -968.153, 357, 260, -968.556, 0.679502, 34, 28, -968.284, 0.679792, 219, 439, -968.009, 0.680367, 
1000, 1.4, 0.7, 0, 1.8, 1.1, 6.87921, 10.0206, n_ 1 _nu_ 3 _alpha_ 4 _beta_ 1 _mu_ 2 _lambda_ 3.csv, 173, 26, -1806.96, 230, 327, -1806.69, 401, 293, -1804.58, 0.795166, 7, 6, -1824.11, 0.602968, 223, 509, -1804.15, 0.800137, 
1000, 1.4, 0.7, 0, 1.8, 0.6, 11.0311, 16.1138, n_ 1 _nu_ 3 _alpha_ 4 _beta_ 1 _mu_ 2 _lambda_ 2.csv, 94, 14, -2425.72, 261, 513, -2424.16, 334, 246, -2424.28, 0.731658, 7, 6, -2446.05, 0.546224, 285, 841, -2423.94, 0.723987, 
1000, 1.4, 2, 0, 0.7, 4, 5.0009, 7.13176, n_ 1 _nu_ 3 _alpha_ 5 _beta_ 1 _mu_ 1 _lambda_ 4.csv, 267, 42, -1205.1, 197, 187, -1204.16, 555, 401, -1204.45, 1.96742, 23, 19, -1237.22, 1.18382, 355, 633, -1204.18, 1.95755, 
1000, 1.4, 2, 0, 0.7, 0.6, 26.5289, 38.5437, n_ 1 _nu_ 3 _alpha_ 5 _beta_ 1 _mu_ 1 _lambda_ 2.csv, 356, 73, -3447.52, 430, 898, -3441.29, 632, 471, -3444.59, 1.13253, 5, 4, -3552.13, 0.609536, 338, 909, -3444.59, 1.09912, 
1000, 1.4, 2, 0, 0.7, 1.1, 15.103, 21.8484, n_ 1 _nu_ 3 _alpha_ 5 _beta_ 1 _mu_ 1 _lambda_ 3.csv, 197, 36, -2681.64, 328, 561, -2678.68, 1000, 747, -2680.71, 1.79302, 3, 3, -2848.26, 0.663529, 1000, 2324, -2681.13, 1.71851, 
1000, 1.4, 2, 0, 0.7, 0.1, 151.234, 221.142, n_ 1 _nu_ 3 _alpha_ 5 _beta_ 1 _mu_ 1 _lambda_ 1.csv, 402, 127, -6024.27, 605, 3156, -6011.39, 1000, 737, -5965.94, 1.53639, 2, 2, -7837.63, 0.54703, 2, 13, -7720.28, 0.515351, 
1000, 1.4, 2, 0, 1.8, 0.1, 152.985, 222.917, n_ 1 _nu_ 3 _alpha_ 5 _beta_ 1 _mu_ 2 _lambda_ 1.csv, 421, 114, -5920.65, 629, 2382, -5908.78, 942, 696, -5869.46, 1.24291, 2, 2, -7291.15, 0.540928, 2, 9, -7220.7, 0.511095, 
1000, 1.4, 2, 0, 1.8, 4, 5.6642, 7.84112, n_ 1 _nu_ 3 _alpha_ 5 _beta_ 1 _mu_ 2 _lambda_ 4.csv, 426, 59, -1351.35, 229, 203, -1350.39, 668, 500, -1350.1, 1.70576, 5, 4, -1452.61, 0.861534, 246, 461, -1349.88, 1.70918, 
1000, 1.4, 2, 0, 1.8, 1.1, 16.1039, 22.8893, n_ 1 _nu_ 3 _alpha_ 5 _beta_ 1 _mu_ 2 _lambda_ 3.csv, 304, 56, -2780.43, 371, 617, -2776.4, 1000, 735, -2781.05, 1.41848, 3, 3, -2870.6, 0.71631, 1000, 2286, -2781.07, 1.35444, 
1000, 1.4, 5, 0, 0.7, 0.6, 65.0693, 94.2255, n_ 1 _nu_ 3 _alpha_ 6 _beta_ 1 _mu_ 1 _lambda_ 2.csv, 371, 143, -5763.52, 713, 1649, -5748.61, 833, 612, -4648.52, 1.20818, 4, 4, -4981.86, 0.549805, 2, 8, -5056.77, 0.506987, 
1000, 1.4, 2, 0, 1.8, 0.6, 27.7163, 39.7674, n_ 1 _nu_ 3 _alpha_ 5 _beta_ 1 _mu_ 2 _lambda_ 2.csv, 217, 47, -3472.16, 391, 1061, -3463.79, 1000, 743, -3463.16, 2.0591, 5, 4, -3609.91, 0.676789, 1000, 3829, -3470.7, 1.71091, 
1000, 1.4, 5, 0, 0.7, 0.1, 376.852, 550.705, n_ 1 _nu_ 3 _alpha_ 6 _beta_ 1 _mu_ 1 _lambda_ 1.csv, 447, 190, -20655.3, 747, 2889, -20640.4, 1000, 748, -7240.65, 1.17235, 2, 2, -10511.8, 0.510063, 2, 15, -9937.35, 0.516093, 
1000, 1.4, 5, 0, 0.7, 1.1, 36.4975, 52.5029, n_ 1 _nu_ 3 _alpha_ 6 _beta_ 1 _mu_ 1 _lambda_ 3.csv, 322, 70, -4392.77, 667, 1258, -4378.52, 847, 617, -3856.41, 1.26567, 3, 3, -4028.9, 0.596508, 4, 14, -4055.58, 0.498321, 
1000, 1.4, 5, 0, 0.7, 4, 11.2604, 15.8257, n_ 1 _nu_ 3 _alpha_ 6 _beta_ 1 _mu_ 1 _lambda_ 4.csv, 212, 37, -2258.01, 523, 668, -2245.97, 1000, 733, -2247.42, 1.70476, 3, 3, -2368.89, 0.770435, 1000, 1660, -2239.76, 2.00907, 
1000, 1.4, 5, 0, 1.8, 0.6, 67.9705, 97.2093, n_ 1 _nu_ 3 _alpha_ 6 _beta_ 1 _mu_ 2 _lambda_ 2.csv, 334, 131, -5547.58, 709, 1702, -5529.86, 1000, 739, -4745.71, 1.30888, 4, 4, -5150.81, 0.591836, 2, 9, -5328.72, 0.538024, 
1000, 1.4, 5, 0, 1.8, 0.1, 381.211, 555.123, n_ 1 _nu_ 3 _alpha_ 6 _beta_ 1 _mu_ 2 _lambda_ 1.csv, 362, 152, -20614.7, 747, 3051, -20595.4, 0, 0, FeaturesException, -, 0, 0, FeaturesException, -, 0, 0, FeaturesException, -, 
10000, 0.15, -0.5, 0, 0.7, 0.1, 0.943804, 2.11238, n_ 2 _nu_ 1 _alpha_ 1 _beta_ 1 _mu_ 1 _lambda_ 1.csv, 0, 9, FeaturesException, 0, 13, FeaturesException, 0, 11, FeaturesException, -, 0, 7, FeaturesException, -, 0, 8, FeaturesException, -, 
1000, 1.4, 5, 0, 1.8, 1.1, 38.9051, 54.9963, n_ 1 _nu_ 3 _alpha_ 6 _beta_ 1 _mu_ 2 _lambda_ 3.csv, 176, 39, -4226.36, 665, 1460, -4202.32, 1000, 755, -3941.59, 1.30422, 12, 11, -4019.49, 0.742849, 4, 14, -4141.11, 0.540425, 
1000, 1.4, 5, 0, 1.8, 4, 12.759, 17.4054, n_ 1 _nu_ 3 _alpha_ 6 _beta_ 1 _mu_ 2 _lambda_ 4.csv, 381, 71, -2313.73, 510, 613, -2307.79, 1000, 765, -2319.29, 1.33374, 3, 3, -2414.05, 0.813468, 3, 8, -2416.29, 0.588461, 
10000, 0.15, -0.5, 0, 1.8, 0.1, 0.921377, 2.19831, n_ 2 _nu_ 1 _alpha_ 1 _beta_ 1 _mu_ 2 _lambda_ 1.csv, 0, 8, FeaturesException, 0, 8, FeaturesException, 0, 7, FeaturesException, -, 0, 9, FeaturesException, -, 0, 8, FeaturesException, -, 
10000, 0.15, -0.5, 0, 1.8, 0.6, 1.16179, 2.20096, n_ 2 _nu_ 1 _alpha_ 1 _beta_ 1 _mu_ 2 _lambda_ 2.csv, 48, 101, -19232.5, 161, 981, -19227.6, 1000, 7586, -18457.9, -0.893159, 449, 3812, -18457.6, -0.892615, 3, 67, -19012.8, -0.864341, 
10000, 0.15, -0.5, 0, 0.7, 0.6, 1.07106, 2.02225, n_ 2 _nu_ 1 _alpha_ 1 _beta_ 1 _mu_ 1 _lambda_ 2.csv, 1000, 1685, -15934, 647, 3559, -15933.4, 1000, 7524, -15547, -0.792732, 529, 4590, -15547.2, -0.79125, 3, 66, -15987.5, -0.702154, 
10000, 0.15, -0.5, 0, 0.7, 4, 0.874544, 1.46972, n_ 2 _nu_ 1 _alpha_ 1 _beta_ 1 _mu_ 1 _lambda_ 4.csv, 129, 209, -3093.51, 808, 8463, -3090.91, 1000, 7514, -3092.94, -0.509999, 152, 1308, -3092.81, -0.509348, 809, 14139, -3090.66, -0.509184, 
10000, 0.15, -0.5, 0, 1.8, 1.1, 1.14945, 2.07191, n_ 2 _nu_ 1 _alpha_ 1 _beta_ 1 _mu_ 2 _lambda_ 3.csv, 953, 1560, -12849.9, 632, 3977, -12849.4, 1000, 7613, -12768.2, -0.62324, 810, 6958, -12767, -0.623124, 3, 66, -13063.4, -0.605555, 
10000, 0.15, -0.5, 0, 0.7, 1.1, 1.03557, 1.87421, n_ 2 _nu_ 1 _alpha_ 1 _beta_ 1 _mu_ 1 _lambda_ 3.csv, 782, 1404, -10308.3, 835, 7109, -10306.7, 1000, 7515, -10261.4, -0.601229, 605, 5257, -10260.6, -0.600769, 856, 13654, -10259.3, -0.60069, 
10000, 0.15, -0.5, 0, 1.8, 4, 1.00924, 1.67946, n_ 2 _nu_ 1 _alpha_ 1 _beta_ 1 _mu_ 2 _lambda_ 4.csv, 149, 233, -6268.65, 807, 8880, -6266.6, 1000, 7613, -6269.45, -0.507517, 155, 1343, -6268.05, -0.506784, 808, 14592, -6266.43, -0.506433, 
10000, 0.15, 0.05, 0, 0.7, 4, 1.26099, 2.012, n_ 2 _nu_ 1 _alpha_ 2 _beta_ 1 _mu_ 1 _lambda_ 4.csv, 56, 113, -2872.99, 220, 4683, -2872.5, 269, 2031, -2872.37, 0.0685316, 64, 555, -2871.57, 0.068159, 220, 6206, -2871.09, 0.0685214, 
10000, 0.15, 0.05, 0, 0.7, 1.1, 1.95197, 3.28906, n_ 2 _nu_ 1 _alpha_ 2 _beta_ 1 _mu_ 1 _lambda_ 3.csv, 171, 291, -8637.03, 733, 10827, -8635.76, 1000, 7569, -8636.59, 0.04102, 175, 1504, -8636.22, 0.0409383, 738, 16045, -8634.96, 0.0408213, 
10000, 0.15, 0.05, 0, 0.7, 0.1, 5.22171, 9.75843, n_ 2 _nu_ 1 _alpha_ 2 _beta_ 1 _mu_ 1 _lambda_ 1.csv, 913, 1731, -20870.2, 854, 8060, -20868.7, 1000, 7501, -20864.5, 0.0607786, 961, 8526, -20865.3, 0.0608813, 867, 14347, -20863.9, 0.0607317, 
10000, 0.15, 0.05, 0, 0.7, 0.6, 2.44319, 4.23013, n_ 2 _nu_ 1 _alpha_ 2 _beta_ 1 _mu_ 1 _lambda_ 2.csv, 639, 1071, -11496.2, 872, 9602, -11494.8, 1000, 7595, -11497.2, 0.0450374, 645, 5589, -11495.9, 0.045031, 871, 15740, -11494.5, 0.0449828, 
10000, 0.15, 0.05, 0, 1.8, 4, 1.5303, 2.35621, n_ 2 _nu_ 1 _alpha_ 2 _beta_ 1 _mu_ 2 _lambda_ 4.csv, 108, 166, -5586.73, 594, 7160, -5585.24, 683, 5375, -5586.92, 0.0409015, 106, 1005, -5586.26, 0.0409215, 595, 11418, -5584.76, 0.040959, 
10000, 0.15, 0.05, 0, 1.8, 0.1, 5.86822, 10.519, n_ 2 _nu_ 1 _alpha_ 2 _beta_ 1 _mu_ 2 _lambda_ 1.csv, 693, 1184, -22953, 765, 7174, -22951.6, 1000, 7491, -22938.4, 0.0667035, 714, 6604, -22938.7, 0.0667366, 753, 12607, -22937.3, 0.0666059, 
10000, 0.15, 0.05, 0, 1.8, 0.6, 2.85725, 4.73295, n_ 2 _nu_ 1 _alpha_ 2 _beta_ 1 _mu_ 2 _lambda_ 2.csv, 358, 577, -13649.1, 840, 11422, -13647.4, 1000, 7968, -13643.4, 0.0697646, 374, 3202, -13642.1, 0.0696489, 838, 17885, -13640.6, 0.0695117, 
10000, 0.15, 0.05, 0, 1.8, 1.1, 2.31252, 3.73372, n_ 2 _nu_ 1 _alpha_ 2 _beta_ 1 _mu_ 2 _lambda_ 3.csv, 102, 148, -11213.8, 936, 12685, -11212.1, 1000, 7852, -11213.5, 0.0559557, 103, 862, -11213.4, 0.0558629, 936, 19187, -11211.7, 0.0557781, 
10000, 0.15, 0.2, 0, 0.7, 4, 1.38305, 2.1862, n_ 2 _nu_ 1 _alpha_ 3 _beta_ 1 _mu_ 1 _lambda_ 4.csv, 69, 111, -2777.26, 241, 3978, -2776.71, 382, 2898, -2777.4, 0.204996, 64, 547, -2777.12, 0.204645, 242, 5701, -2776.61, 0.205021, 
10000, 0.15, 0.2, 0, 0.7, 0.6, 3.01836, 5.17211, n_ 2 _nu_ 1 _alpha_ 3 _beta_ 1 _mu_ 1 _lambda_ 2.csv, 437, 720, -11641.9, 737, 12922, -11640.4, 1000, 7559, -11634.9, 0.225375, 396, 3401, -11634.9, 0.225163, 735, 17919, -11633.4, 0.225036, 
10000, 0.15, 0.2, 0, 0.7, 0.1, 8.33933, 15.3757, n_ 2 _nu_ 1 _alpha_ 3 _beta_ 1 _mu_ 1 _lambda_ 1.csv, 946, 1753, -22212.7, 997, 11164, -22210.4, 1000, 7573, -22129, 0.261714, 735, 6360, -22130.9, 0.261192, 962, 21575, -22128.7, 0.261005, 
10000, 0.15, 0.2, 0, 0.7, 1.1, 2.29274, 3.8251, n_ 2 _nu_ 1 _alpha_ 3 _beta_ 1 _mu_ 1 _lambda_ 3.csv, 264, 431, -8798.2, 703, 12343, -8796.98, 1000, 7572, -8797.83, 0.199872, 271, 2348, -8798.22, 0.199622, 704, 17312, -8796.98, 0.199569, 
10000, 0.15, 0.2, 0, 1.8, 0.1, 9.38329, 16.579, n_ 2 _nu_ 1 _alpha_ 3 _beta_ 1 _mu_ 2 _lambda_ 1.csv, 952, 1827, -24680.5, 960, 9068, -24678.5, 1000, 7523, -24589.7, 0.258405, 927, 8149, -24589.1, 0.25803, 982, 16840, -24588, 0.258006, 
10000, 0.15, 0.2, 0, 1.8, 4, 1.69233, 2.5713, n_ 2 _nu_ 1 _alpha_ 3 _beta_ 1 _mu_ 2 _lambda_ 4.csv, 248, 348, -5751.8, 302, 5841, -5751.03, 270, 2004, -5751.79, 0.200675, 203, 1712, -5751.8, 0.200525, 302, 7909, -5751.03, 0.200705, 
10000, 0.15, 0.2, 0, 1.8, 0.6, 3.55093, 5.80109, n_ 2 _nu_ 1 _alpha_ 3 _beta_ 1 _mu_ 2 _lambda_ 2.csv, 493, 772, -13935.4, 860, 9086, -13933.9, 1000, 7527, -13931.5, 0.220564, 408, 3476, -13929.7, 0.220238, 849, 15011, -13928.2, 0.220075, 
10000, 0.15, 0.2, 0, 1.8, 1.1, 2.73559, 4.3561, n_ 2 _nu_ 1 _alpha_ 3 _beta_ 1 _mu_ 2 _lambda_ 3.csv, 152, 227, -11243.1, 933, 10924, -11241.7, 1000, 7455, -11241.6, 0.213607, 89, 745, -11241.6, 0.213325, 866, 16815, -11240, 0.212846, 
10000, 0.15, 0.7, 0, 0.7, 1.1, 3.67747, 6.02463, n_ 2 _nu_ 1 _alpha_ 4 _beta_ 1 _mu_ 1 _lambda_ 3.csv, 195, 294, -10528.5, 289, 6400, -10527.9, 649, 4894, -10527.7, 0.6808, 42, 372, -10530, 0.680371, 297, 8781, -10526.7, 0.680226, 
10000, 0.15, 0.7, 0, 0.7, 4, 1.83956, 2.84537, n_ 2 _nu_ 1 _alpha_ 4 _beta_ 1 _mu_ 1 _lambda_ 4.csv, 111, 183, -3386.87, 356, 4539, -3385.81, 833, 6294, -3387.07, 0.692522, 26, 230, -3389.11, 0.681878, 362, 7187, -3385.68, 0.692481, 
10000, 0.15, 0.7, 0, 0.7, 0.6, 5.44416, 9.17781, n_ 2 _nu_ 1 _alpha_ 4 _beta_ 1 _mu_ 1 _lambda_ 2.csv, 224, 358, -14174.9, 696, 12911, -14171.8, 644, 4847, -14169.3, 0.731634, 43, 371, -14180.6, 0.715086, 742, 18689, -14168.6, 0.731674, 
10000, 0.15, 0.7, 0, 1.8, 1.1, 4.43686, 6.89659, n_ 2 _nu_ 1 _alpha_ 4 _beta_ 1 _mu_ 2 _lambda_ 3.csv, 165, 251, -13193.6, 501, 8796, -13191.6, 644, 4834, -13191.7, 0.708238, 25, 222, -13200.7, 0.693159, 517, 12835, -13191.4, 0.707231, 
10000, 0.15, 0.7, 0, 0.7, 0.1, 21.8186, 39.8035, n_ 2 _nu_ 1 _alpha_ 4 _beta_ 1 _mu_ 1 _lambda_ 1.csv, 811, 1652, -28970.2, 1000, 24823, -28960.1, 984, 7485, -28527.5, 1.05993, 7, 71, -31159.4, 0.416385, 1000, 31849, -28528.1, 1.05192, 
10000, 0.15, 0.7, 0, 1.8, 0.6, 6.45096, 10.3257, n_ 2 _nu_ 1 _alpha_ 4 _beta_ 1 _mu_ 2 _lambda_ 2.csv, 536, 955, -16846.7, 496, 12051, -16844.1, 763, 5740, -16844.1, 0.708603, 8, 74, -17029.5, 0.534583, 516, 16777, -16843.9, 0.705945, 
10000, 0.15, 0.7, 0, 1.8, 4, 2.2918, 3.37955, n_ 2 _nu_ 1 _alpha_ 4 _beta_ 1 _mu_ 2 _lambda_ 4.csv, 164, 249, -6291.27, 255, 4203, -6289.68, 668, 5035, -6290.72, 0.695134, 32, 285, -6292.92, 0.689275, 261, 6190, -6289.61, 0.695151, 
10000, 0.15, 0.7, 0, 1.8, 0.1, 24.5488, 42.9156, n_ 2 _nu_ 1 _alpha_ 4 _beta_ 1 _mu_ 2 _lambda_ 1.csv, 913, 1904, -31834.9, 1000, 34380, -31825.6, 1000, 7592, -31439.5, 1.03836, 5, 50, -34299.2, 0.427414, 1000, 39368, -31439.2, 1.03064, 
10000, 0.15, 2, 0, 0.7, 0.6, 13.1453, 21.9957, n_ 2 _nu_ 1 _alpha_ 5 _beta_ 1 _mu_ 1 _lambda_ 2.csv, 431, 797, -22865.9, 785, 19791, -22858.1, 1000, 8049, -22857.6, 1.88526, 5, 64, -25167.2, 0.555215, 659, 18395, -22857.9, 1.84081, 
10000, 0.15, 2, 0, 0.7, 1.1, 8.17202, 13.2404, n_ 2 _nu_ 1 _alpha_ 5 _beta_ 1 _mu_ 1 _lambda_ 3.csv, 290, 496, -17006.8, 459, 10439, -16990.4, 509, 4152, -16989.4, 1.92281, 7, 65, -18367, 0.616848, 693, 22606, -16990.2, 1.87386, 
10000, 0.15, 2, 0, 0.7, 4, 3.29496, 4.98451, n_ 2 _nu_ 1 _alpha_ 5 _beta_ 1 _mu_ 1 _lambda_ 4.csv, 344, 564, -6823.93, 577, 8011, -6816.94, 670, 5630, -6817.21, 2.03876, 14, 128, -7324.72, 1.16949, 673, 15657, -6816.44, 2.03345, 
10000, 0.15, 2, 0, 1.8, 0.1, 67.5773, 117.913, n_ 2 _nu_ 1 _alpha_ 5 _beta_ 1 _mu_ 2 _lambda_ 1.csv, 644, 1442, -45425.1, 1000, 48310, -45402.1, 932, 7596, -44057.2, 1.39246, 2, 39, -59016.1, 0.375217, 2, 123, -58100.2, 0.325319, 
10000, 0.15, 2, 0, 0.7, 0.1, 60.0676, 109.366, n_ 2 _nu_ 1 _alpha_ 5 _beta_ 1 _mu_ 1 _lambda_ 1.csv, 526, 1181, -43175.7, 1000, 48647, -43141.8, 994, 8348, -41338, 1.28456, 6, 74, -51757.9, 0.354257, 1000, 56263, -41343.4, 1.25455, 
10000, 0.15, 2, 0, 1.8, 1.1, 9.91096, 15.1952, n_ 2 _nu_ 1 _alpha_ 5 _beta_ 1 _mu_ 2 _lambda_ 3.csv, 413, 718, -20242.9, 473, 8422, -20230.2, 1000, 7721, -20231.1, 1.95535, 5, 56, -21472, 0.670238, 1000, 27228, -20231.9, 1.89958, 
10000, 0.15, 2, 0, 1.8, 4, 4.17287, 5.97645, n_ 2 _nu_ 1 _alpha_ 5 _beta_ 1 _mu_ 2 _lambda_ 4.csv, 377, 623, -10183.5, 312, 4763, -10177.2, 448, 3764, -10176.9, 1.94289, 36, 330, -10293.5, 1.45745, 328, 8003, -10176.6, 1.94459, 
10000, 0.15, 2, 0, 1.8, 0.6, 15.6111, 24.7716, n_ 2 _nu_ 1 _alpha_ 5 _beta_ 1 _mu_ 2 _lambda_ 2.csv, 435, 880, -25834.4, 991, 32818, -25814.6, 1000, 7611, -25815.3, 1.83529, 3, 32, -27797.9, 0.56113, 1000, 39413, -25822.5, 1.68798, 
10000, 0.15, 5, 0, 0.7, 0.1, 149.475, 272.075, n_ 2 _nu_ 1 _alpha_ 6 _beta_ 1 _mu_ 1 _lambda_ 1.csv, 650, 2733, -244510, 1000, 59249, -244422, 0, 7, FeaturesException, -, 0, 7, FeaturesException, -, 0, 7, FeaturesException, -, 
10000, 0.15, 5, 0, 0.7, 4, 7.22104, 10.8262, n_ 2 _nu_ 1 _alpha_ 6 _beta_ 1 _mu_ 1 _lambda_ 4.csv, 456, 818, -15156, 1000, 13899, -15112.8, 1000, 7431, -15074.8, 3.02203, 5, 49, -16955.3, 0.796223, 1000, 21198, -15055.1, 3.22436, 
10000, 0.15, 5, 0, 0.7, 1.1, 19.5067, 31.5229, n_ 2 _nu_ 1 _alpha_ 6 _beta_ 1 _mu_ 1 _lambda_ 3.csv, 548, 1083, -31560, 1000, 21639, -31494.2, 1000, 7462, -27900.5, 2.19529, 3, 32, -31143.6, 0.559169, 1000, 26214, -27918.6, 2.01216, 
10000, 0.15, 5, 0, 0.7, 0.6, 32.0024, 53.4723, n_ 2 _nu_ 1 _alpha_ 6 _beta_ 1 _mu_ 1 _lambda_ 2.csv, 423, 987, -47099.8, 1000, 29613, -47002.3, 802, 5986, -34409.5, 1.78038, 4, 41, -39656.6, 0.493199, 1000, 37381, -34411.6, 1.74474, 
10000, 0.15, 5, 0, 1.8, 4, 9.19853, 13.0263, n_ 2 _nu_ 1 _alpha_ 6 _beta_ 1 _mu_ 2 _lambda_ 4.csv, 483, 879, -18622.9, 1000, 14325, -18580.8, 1000, 7484, -18739.6, 1.7709, 3, 32, -20195.6, 0.813046, 210, 4937, -18729, 1.77767, 
10000, 0.5, -0.5, 0, 0.7, 0.1, 0.783666, 2.10126, n_ 2 _nu_ 2 _alpha_ 1 _beta_ 1 _mu_ 1 _lambda_ 1.csv, 0, 8, FeaturesException, 0, 8, FeaturesException, 0, 7, FeaturesException, -, 0, 8, FeaturesException, -, 0, 7, FeaturesException, -, 
10000, 0.5, -0.5, 0, 0.7, 0.6, 1.11702, 2.16419, n_ 2 _nu_ 2 _alpha_ 1 _beta_ 1 _mu_ 1 _lambda_ 2.csv, 671, 1285, -21321.5, 240, 1897, -21321.2, 1000, 7529, -20066, -1.04815, 761, 6622, -20065.1, -1.04744, 3, 73, -20690.5, -0.917392, 
10000, 0.15, 5, 0, 1.8, 1.1, 23.6815, 36.1957, n_ 2 _nu_ 1 _alpha_ 6 _beta_ 1 _mu_ 2 _lambda_ 3.csv, 534, 1081, -33655.2, 1000, 23072, -33587.8, 1000, 7553, -31560.1, 1.51718, 10, 93, -32785.1, 0.652991, 1000, 28071, -31502.2, 1.78678, 
10000, 0.15, 5, 0, 1.8, 0.1, 168.16, 293.36, n_ 2 _nu_ 1 _alpha_ 6 _beta_ 1 _mu_ 2 _lambda_ 1.csv, 649, 2556, -239672, 1000, 61444, -239585, 0, 7, FeaturesException, -, 0, 9, FeaturesException, -, 0, 7, FeaturesException, -, 
10000, 0.5, -0.5, 0, 1.8, 0.1, 0.698278, 2.12141, n_ 2 _nu_ 2 _alpha_ 1 _beta_ 1 _mu_ 2 _lambda_ 1.csv, 0, 8, FeaturesException, 0, 8, FeaturesException, 0, 7, FeaturesException, -, 0, 7, FeaturesException, -, 0, 11, FeaturesException, -, 
10000, 0.15, 5, 0, 1.8, 0.6, 38.0182, 60.2301, n_ 2 _nu_ 1 _alpha_ 6 _beta_ 1 _mu_ 2 _lambda_ 2.csv, 417, 1109, -46781.7, 1000, 26384, -46680.1, 1000, 7629, -37674.3, 1.494, 4, 41, -41298.7, 0.525135, 1000, 35043, -37672.6, 1.48385, 
10000, 0.5, -0.5, 0, 1.8, 0.6, 1.17173, 2.29353, n_ 2 _nu_ 2 _alpha_ 1 _beta_ 1 _mu_ 2 _lambda_ 2.csv, 3, 11, -24653.3, 3, 33, -24653.3, 1000, 7714, -22624.6, -1.17789, 7, 66, -22964.2, -1.14919, 3, 84, -23349.4, -1.08122, 
10000, 0.5, -0.5, 0, 0.7, 1.1, 1.09634, 2.01043, n_ 2 _nu_ 2 _alpha_ 1 _beta_ 1 _mu_ 1 _lambda_ 3.csv, 1000, 1567, -12588.5, 724, 4478, -12587.8, 1000, 7666, -12505.5, -0.625466, 922, 8031, -12504.3, -0.624785, 3, 58, -12816.4, -0.59007, 
10000, 0.5, -0.5, 0, 1.8, 1.1, 1.18136, 2.16724, n_ 2 _nu_ 2 _alpha_ 1 _beta_ 1 _mu_ 2 _lambda_ 3.csv, 750, 1231, -15024.5, 475, 2698, -15024.2, 1000, 7617, -14858.5, -0.66407, 803, 6970, -14857.3, -0.663515, 3, 67, -15328.3, -0.658994, 
10000, 0.5, -0.5, 0, 0.7, 4, 0.923468, 1.5575, n_ 2 _nu_ 2 _alpha_ 1 _beta_ 1 _mu_ 1 _lambda_ 4.csv, 81, 127, -4204.1, 548, 10887, -4203.58, 1000, 7627, -4203.22, -0.482602, 78, 666, -4203.22, -0.4819, 576, 15407, -4202.51, -0.48186, 
10000, 0.5, -0.5, 0, 1.8, 4, 1.04253, 1.74408, n_ 2 _nu_ 2 _alpha_ 1 _beta_ 1 _mu_ 2 _lambda_ 4.csv, 236, 390, -6867.29, 703, 9909, -6865.65, 1000, 7560, -6867.45, -0.51591, 232, 1981, -6866.04, -0.51513, 699, 15237, -6864.68, -0.515214, 
10000, 0.5, 0.05, 0, 0.7, 0.1, 6.9261, 12.143, n_ 2 _nu_ 2 _alpha_ 2 _beta_ 1 _mu_ 1 _lambda_ 1.csv, 552, 981, -25207.4, 719, 5761, -25205.3, 1000, 7571, -25167.4, 0.0753059, 713, 6667, -25167.7, 0.0752613, 786, 11781, -25166.3, 0.0752056, 
10000, 0.5, 0.05, 0, 0.7, 4, 1.37214, 2.17613, n_ 2 _nu_ 2 _alpha_ 2 _beta_ 1 _mu_ 1 _lambda_ 4.csv, 57, 97, -4045.14, 136, 3908, -4044.66, 161, 1203, -4044.29, 0.0637757, 57, 505, -4044.23, 0.063769, 135, 5062, -4043.75, 0.0637455, 
10000, 0.5, 0.05, 0, 0.7, 0.6, 2.89524, 4.88543, n_ 2 _nu_ 2 _alpha_ 2 _beta_ 1 _mu_ 1 _lambda_ 2.csv, 322, 528, -13591.2, 829, 9174, -13588.6, 1000, 7930, -13590.8, 0.0575231, 350, 3055, -13590.1, 0.0574237, 829, 16655, -13587.6, 0.0572949, 
10000, 0.5, 0.05, 0, 0.7, 1.1, 2.24116, 3.71195, n_ 2 _nu_ 2 _alpha_ 2 _beta_ 1 _mu_ 1 _lambda_ 3.csv, 270, 441, -10345.3, 835, 11148, -10343.9, 1000, 7803, -10346.3, 0.0522307, 275, 3004, -10345.2, 0.0520936, 834, 18463, -10343.9, 0.0519634, 
10000, 0.5, 0.05, 0, 1.8, 0.1, 7.3658, 12.632, n_ 2 _nu_ 2 _alpha_ 2 _beta_ 1 _mu_ 2 _lambda_ 1.csv, 435, 807, -26480.7, 637, 5633, -26479.3, 1000, 8227, -26450.8, 0.0704245, 499, 5205, -26451.3, 0.0703876, 609, 9629, -26449.9, 0.0703477, 
10000, 0.5, 0.05, 0, 1.8, 4, 1.62068, 2.48891, n_ 2 _nu_ 2 _alpha_ 2 _beta_ 1 _mu_ 2 _lambda_ 4.csv, 16, 30, -6201.34, 191, 4075, -6200.85, 394, 3271, -6200.07, 0.0657107, 21, 233, -6199.69, 0.0656576, 189, 6085, -6199.29, 0.0656801, 
10000, 0.5, 0.05, 0, 1.8, 0.6, 3.23714, 5.28645, n_ 2 _nu_ 2 _alpha_ 2 _beta_ 1 _mu_ 2 _lambda_ 2.csv, 842, 1616, -15442.2, 749, 8074, -15441.8, 1000, 8457, -15443.6, 0.0580648, 722, 6566, -15441, 0.057879, 759, 14321, -15440.4, 0.0578, 
10000, 0.5, 0.05, 0, 1.8, 1.1, 2.55249, 4.08534, n_ 2 _nu_ 2 _alpha_ 2 _beta_ 1 _mu_ 2 _lambda_ 3.csv, 254, 378, -12488.7, 1000, 13403, -12487.3, 1000, 8038, -12488.2, 0.0391356, 259, 2764, -12486.8, 0.039026, 1000, 22007, -12485.5, 0.0389652, 
10000, 0.5, 0.2, 0, 0.7, 4, 1.51448, 2.37536, n_ 2 _nu_ 2 _alpha_ 3 _beta_ 1 _mu_ 1 _lambda_ 4.csv, 147, 240, -4238.97, 287, 5545, -4238.05, 277, 2138, -4238.58, 0.191716, 139, 1182, -4238.66, 0.191123, 288, 7438, -4237.74, 0.191855, 
10000, 0.5, 0.2, 0, 0.7, 0.6, 3.65101, 6.0541, n_ 2 _nu_ 2 _alpha_ 3 _beta_ 1 _mu_ 1 _lambda_ 2.csv, 455, 793, -14065.7, 820, 9879, -14063.7, 1000, 8156, -14066.1, 0.197497, 430, 3760, -14065.5, 0.197229, 823, 14835, -14063.5, 0.196863, 
10000, 0.5, 0.2, 0, 0.7, 0.1, 11.5251, 19.6271, n_ 2 _nu_ 2 _alpha_ 3 _beta_ 1 _mu_ 1 _lambda_ 1.csv, 961, 2012, -27253, 1000, 11685, -27250.7, 1000, 9016, -27036.7, 0.288212, 937, 8582, -27036.3, 0.287705, 1000, 18706, -27035.1, 0.287649, 
10000, 0.5, 0.2, 0, 0.7, 1.1, 2.67123, 4.35974, n_ 2 _nu_ 2 _alpha_ 3 _beta_ 1 _mu_ 1 _lambda_ 3.csv, 193, 298, -10494.6, 816, 13224, -10493.2, 1000, 7883, -10494.5, 0.202621, 150, 1318, -10494.7, 0.202354, 814, 17679, -10493.2, 0.201971, 
10000, 0.5, 0.2, 0, 1.8, 4, 1.80117, 2.72629, n_ 2 _nu_ 2 _alpha_ 3 _beta_ 1 _mu_ 2 _lambda_ 4.csv, 129, 182, -6655.98, 137, 3874, -6655.42, 374, 2866, -6655.53, 0.195568, 140, 1181, -6655.8, 0.195413, 138, 4850, -6655.29, 0.195481, 
10000, 0.5, 0.2, 0, 1.8, 0.6, 4.09397, 6.55831, n_ 2 _nu_ 2 _alpha_ 3 _beta_ 1 _mu_ 2 _lambda_ 2.csv, 493, 830, -15945.7, 836, 7756, -15943.8, 1000, 7600, -15947.5, 0.203651, 398, 3426, -15945.7, 0.203486, 837, 13735, -15943.6, 0.203275, 
10000, 0.5, 0.2, 0, 1.8, 1.1, 3.05612, 4.80758, n_ 2 _nu_ 2 _alpha_ 3 _beta_ 1 _mu_ 2 _lambda_ 3.csv, 325, 505, -12467.8, 836, 9767, -12466.8, 1000, 7668, -12468, 0.206123, 301, 2565, -12467.3, 0.205973, 830, 15618, -12466.3, 0.206027, 
10000, 0.5, 0.2, 0, 1.8, 0.1, 12.2411, 20.4057, n_ 2 _nu_ 2 _alpha_ 3 _beta_ 1 _mu_ 2 _lambda_ 1.csv, 982, 1900, -28764.8, 967, 11091, -28762.9, 1000, 7623, -28491.4, 0.297996, 895, 8029, -28490.3, 0.297591, 1000, 16376, -28488.9, 0.297466, 
10000, 0.5, 0.7, 0, 0.7, 4, 2.04786, 3.12941, n_ 2 _nu_ 2 _alpha_ 4 _beta_ 1 _mu_ 1 _lambda_ 4.csv, 173, 310, -4908.59, 235, 4606, -4908.24, 862, 6474, -4908.34, 0.687118, 83, 733, -4908.51, 0.68388, 242, 6146, -4907.81, 0.686881, 
10000, 0.5, 0.7, 0, 0.7, 1.1, 4.4162, 7.01115, n_ 2 _nu_ 2 _alpha_ 4 _beta_ 1 _mu_ 1 _lambda_ 3.csv, 428, 688, -12651.4, 527, 8687, -12648.9, 745, 5607, -12649.1, 0.714509, 59, 518, -12654.4, 0.710884, 517, 11846, -12648.2, 0.71391, 
10000, 0.5, 0.7, 0, 0.7, 0.6, 6.82218, 10.9994, n_ 2 _nu_ 2 _alpha_ 4 _beta_ 1 _mu_ 1 _lambda_ 2.csv, 275, 464, -17513, 829, 17278, -17508.6, 693, 5207, -17508.9, 0.709356, 8, 75, -17746.3, 0.528891, 867, 23828, -17508.2, 0.709553, 
10000, 0.5, 0.7, 0, 0.7, 0.1, 31.0642, 51.786, n_ 2 _nu_ 2 _alpha_ 4 _beta_ 1 _mu_ 1 _lambda_ 1.csv, 1000, 2206, -35005.8, 1000, 31385, -34996.4, 1000, 7625, -34630.3, 1.02613, 5, 50, -37907, 0.383973, 1000, 35015, -34630, 1.0167, 
10000, 0.5, 0.7, 0, 1.8, 0.6, 7.66537, 11.925, n_ 2 _nu_ 2 _alpha_ 4 _beta_ 1 _mu_ 2 _lambda_ 2.csv, 257, 402, -19403.4, 854, 10142, -19396.4, 969, 7438, -19392.7, 0.73911, 7, 67, -19679.7, 0.534386, 847, 16858, -19391.3, 0.738044, 
10000, 0.5, 0.7, 0, 1.8, 1.1, 5.08108, 7.75096, n_ 2 _nu_ 2 _alpha_ 4 _beta_ 1 _mu_ 2 _lambda_ 3.csv, 224, 328, -14576.3, 470, 8374, -14574.5, 749, 5658, -14574.6, 0.705556, 32, 282, -14583.2, 0.6934, 481, 12207, -14574.4, 0.704285, 
10000, 0.5, 0.7, 0, 1.8, 0.1, 32.9431, 53.8061, n_ 2 _nu_ 2 _alpha_ 4 _beta_ 1 _mu_ 2 _lambda_ 1.csv, 1000, 2088, -37069.5, 1000, 27585, -37059.8, 1000, 7634, -36431.7, 1.08631, 6, 59, -39839.7, 0.423218, 526, 16738, -36432.5, 1.07345, 
10000, 0.5, 0.7, 0, 1.8, 4, 2.46997, 3.61868, n_ 2 _nu_ 2 _alpha_ 4 _beta_ 1 _mu_ 2 _lambda_ 4.csv, 167, 238, -7213.41, 346, 6268, -7212.13, 710, 5422, -7212.25, 0.71755, 109, 929, -7211.7, 0.717636, 348, 8821, -7211.22, 0.717798, 
10000, 0.5, 2, 0, 0.7, 4, 3.74417, 5.56833, n_ 2 _nu_ 2 _alpha_ 5 _beta_ 1 _mu_ 1 _lambda_ 4.csv, 414, 737, -8485.6, 233, 3390, -8484.06, 512, 3950, -8481.61, 1.91185, 17, 155, -8850.92, 1.18269, 217, 5720, -8481.59, 1.90517, 
10000, 0.5, 2, 0, 0.7, 1.1, 10.0197, 15.634, n_ 2 _nu_ 2 _alpha_ 5 _beta_ 1 _mu_ 1 _lambda_ 3.csv, 410, 717, -20380, 799, 17036, -20368.8, 962, 7278, -20368.9, 1.96523, 7, 73, -21622.5, 0.618576, 1000, 29770, -20371.8, 1.85549, 
10000, 0.5, 2, 0, 0.7, 0.1, 85.9597, 142.765, n_ 2 _nu_ 2 _alpha_ 5 _beta_ 1 _mu_ 1 _lambda_ 1.csv, 873, 2201, -50935.7, 1000, 62567, -50915.5, 1000, 7753, -49153.4, 1.34687, 2, 25, -67209.8, 0.388666, 2, 115, -65768.3, 0.359352, 
10000, 0.5, 2, 0, 1.8, 0.1, 91.1299, 148.315, n_ 2 _nu_ 2 _alpha_ 5 _beta_ 1 _mu_ 2 _lambda_ 1.csv, 866, 2111, -51456.5, 723, 41187, -51439.3, 595, 4586, -50192.3, 1.43389, 2, 25, -68112.5, 0.424011, 2, 110, -67061.5, 0.382745, 
10000, 0.5, 2, 0, 0.7, 0.6, 16.756, 26.6684, n_ 2 _nu_ 2 _alpha_ 5 _beta_ 1 _mu_ 1 _lambda_ 2.csv, 536, 1069, -26610.7, 1000, 25832, -26589.2, 1000, 7572, -26589.9, 1.97744, 7, 69, -28261.3, 0.53606, 1000, 38996, -26603.9, 1.75104, 
10000, 0.5, 2, 0, 1.8, 4, 4.56664, 6.4801, n_ 2 _nu_ 2 _alpha_ 5 _beta_ 1 _mu_ 2 _lambda_ 4.csv, 579, 914, -11106.7, 302, 4383, -11103.4, 508, 3847, -11103.1, 1.95216, 42, 370, -11223.1, 1.43839, 338, 8358, -11103, 1.94711, 
10000, 0.5, 2, 0, 1.8, 0.6, 18.8241, 28.9106, n_ 2 _nu_ 2 _alpha_ 5 _beta_ 1 _mu_ 2 _lambda_ 2.csv, 525, 1005, -28819.3, 703, 17744, -28807.1, 1000, 7640, -28811.4, 1.80393, 19, 175, -29606.3, 0.701358, 1000, 33143, -28813.2, 1.73723, 
10000, 0.5, 2, 0, 1.8, 1.1, 11.5454, 17.2966, n_ 2 _nu_ 2 _alpha_ 5 _beta_ 1 _mu_ 2 _lambda_ 3.csv, 560, 974, -22533.9, 881, 19338, -22520.1, 1000, 7596, -22520.9, 1.84389, 7, 66, -23404.6, 0.666983, 1000, 30918, -22524.6, 1.75266, 
10000, 0.5, 5, 0, 0.7, 0.1, 214.05, 355.327, n_ 2 _nu_ 2 _alpha_ 6 _beta_ 1 _mu_ 1 _lambda_ 1.csv, 748, 2788, -263525, 1000, 52301, -263440, 1000, 7678, -63043, 1.18432, 2, 25, -106123, 0.371206, 2, 113, -100530, 0.375025, 
10000, 0.5, 5, 0, 0.7, 4, 8.28635, 12.1857, n_ 2 _nu_ 2 _alpha_ 6 _beta_ 1 _mu_ 1 _lambda_ 4.csv, 468, 871, -17364.7, 1000, 14849, -17319.7, 1000, 7597, -17291.2, 2.5341, 5, 50, -19028.6, 0.786734, 332, 7890, -17324, 2.31127, 
10000, 0.5, 5, 0, 0.7, 0.6, 40.9262, 64.977, n_ 2 _nu_ 2 _alpha_ 6 _beta_ 1 _mu_ 1 _lambda_ 2.csv, 628, 1909, -52795.1, 1000, 27418, -52720.7, 1000, 7641, -38398.5, 1.69457, 4, 41, -42798, 0.483914, 1000, 40822, -38419.7, 1.52823, 
10000, 0.5, 5, 0, 0.7, 1.1, 24.0396, 37.3558, n_ 2 _nu_ 2 _alpha_ 6 _beta_ 1 _mu_ 1 _lambda_ 3.csv, 643, 1329, -35600.4, 1000, 23339, -35544.1, 1000, 7586, -31486.9, 1.83453, 3, 33, -34225.8, 0.573819, 798, 30448, -31525.9, 1.60918, 
10000, 0.5, 5, 0, 1.8, 0.6, 45.9728, 70.4371, n_ 2 _nu_ 2 _alpha_ 6 _beta_ 1 _mu_ 2 _lambda_ 2.csv, 632, 1896, -50326.3, 1000, 26365, -50250, 1000, 7657, -40797.5, 1.38972, 4, 41, -44162.6, 0.521272, 2, 88, -45487, 0.447088, 
10000, 1.4, -0.5, 0, 0.7, 0.1, -0.396841, 1.50189, n_ 2 _nu_ 3 _alpha_ 1 _beta_ 1 _mu_ 1 _lambda_ 1.csv, 0, 8, FeaturesException, 0, 12, FeaturesException, 0, 7, FeaturesException, -, 0, 12, FeaturesException, -, 0, 10, FeaturesException, -, 
10000, 0.5, 5, 0, 1.8, 0.1, 226.915, 369.133, n_ 2 _nu_ 2 _alpha_ 6 _beta_ 1 _mu_ 2 _lambda_ 1.csv, 519, 1912, -248854, 1000, 53649, -248740, 895, 6856, -63733, 1.26386, 2, 25, -106943, 0.40846, 2, 117, -101739, 0.398454, 
10000, 0.5, 5, 0, 1.8, 1.1, 27.7034, 41.3316, n_ 2 _nu_ 2 _alpha_ 6 _beta_ 1 _mu_ 2 _lambda_ 3.csv, 667, 1342, -36283, 1000, 20186, -36223.2, 1000, 7624, -34164.7, 1.35545, 3, 33, -36173.6, 0.63833, 318, 8950, -34208.9, 1.16552, 
10000, 1.4, -0.5, 0, 0.7, 1.1, 1.19166, 2.29347, n_ 2 _nu_ 3 _alpha_ 1 _beta_ 1 _mu_ 1 _lambda_ 3.csv, 3, 11, -19101.1, 3, 28, -19101.1, 1000, 7557, -18330.2, -0.857891, 397, 3396, -18330.2, -0.85637, 3, 63, -19005.9, -0.878316, 
10000, 1.4, -0.5, 0, 1.8, 0.1, -0.584404, 1.44017, n_ 2 _nu_ 3 _alpha_ 1 _beta_ 1 _mu_ 2 _lambda_ 1.csv, 0, 8, FeaturesException, 0, 8, FeaturesException, 0, 7, FeaturesException, -, 0, 9, FeaturesException, -, 0, 8, FeaturesException, -, 
10000, 0.5, 5, 0, 1.8, 4, 10.1402, 14.2098, n_ 2 _nu_ 2 _alpha_ 6 _beta_ 1 _mu_ 2 _lambda_ 4.csv, 560, 1025, -20166.7, 1000, 14370, -20128.4, 1000, 7588, -20281.6, 1.61819, 3, 33, -21631.6, 0.82797, 217, 5047, -20272.4, 1.63154, 
10000, 1.4, -0.5, 0, 1.8, 1.1, 1.21764, 2.36918, n_ 2 _nu_ 3 _alpha_ 1 _beta_ 1 _mu_ 2 _lambda_ 3.csv, 2, 9, -20584.4, 2, 19, -20584.4, 1000, 7632, -19498.4, -0.912753, 7, 64, -19809.4, -0.980192, 3, 72, -20286.1, -0.975857, 
10000, 1.4, -0.5, 0, 0.7, 0.6, 1.10634, 2.39641, n_ 2 _nu_ 3 _alpha_ 1 _beta_ 1 _mu_ 1 _lambda_ 2.csv, 2, 9, -38907.2, 2, 23, -38907.2, 1000, 7588, -29678.3, -2.01303, 13, 118, -29851.5, -1.95095, 1000, 19461, -29676.7, -2.00919, 
10000, 1.4, 0.05, 0, 0.7, 0.1, 11.018, 17.4732, n_ 2 _nu_ 3 _alpha_ 2 _beta_ 1 _mu_ 1 _lambda_ 1.csv, 18, 51, -33294.5, 11, 74, -33294.5, 877, 6973, -33148.6, 0.0848504, 10, 99, -33150.4, 0.0846477, 137, 1829, -33148.6, 0.084835, 
10000, 1.4, -0.5, 0, 0.7, 4, 1.04229, 1.77419, n_ 2 _nu_ 3 _alpha_ 1 _beta_ 1 _mu_ 1 _lambda_ 4.csv, 351, 544, -7170.04, 827, 9906, -7168.62, 1000, 7584, -7171.9, -0.507207, 216, 1860, -7170.09, -0.506551, 833, 16242, -7168.43, -0.506375, 
10000, 1.4, -0.5, 0, 1.8, 0.6, 1.0958, 2.43849, n_ 2 _nu_ 3 _alpha_ 1 _beta_ 1 _mu_ 2 _lambda_ 2.csv, 2, 10, -42253.4, 2, 22, -42253.4, 1000, 7654, -31344.2, -2.09357, 13, 118, -31530.2, -2.03318, 1000, 25157, -31343.4, -2.0886, 
10000, 1.4, -0.5, 0, 1.8, 4, 1.12291, 1.90598, n_ 2 _nu_ 3 _alpha_ 1 _beta_ 1 _mu_ 2 _lambda_ 4.csv, 762, 1158, -9092.7, 830, 8547, -9092.32, 1000, 7606, -9095.61, -0.49053, 593, 5148, -9091.81, -0.48867, 3, 72, -9181.79, -0.481916, 
10000, 1.4, 0.05, 0, 0.7, 4, 1.67288, 2.6044, n_ 2 _nu_ 3 _alpha_ 2 _beta_ 1 _mu_ 1 _lambda_ 4.csv, 32, 61, -6790.04, 132, 3195, -6789.83, 156, 1196, -6789.39, 0.0603403, 16, 150, -6789.34, 0.060366, 130, 4107, -6789.08, 0.0603997, 
10000, 1.4, 0.05, 0, 1.8, 0.1, 11.1582, 17.6225, n_ 2 _nu_ 3 _alpha_ 2 _beta_ 1 _mu_ 2 _lambda_ 1.csv, 3, 12, -33205.5, 21, 130, -33205.6, 900, 6875, -33000.1, 0.0912183, 69, 656, -33000, 0.0911955, 95, 1323, -33000, 0.0912693, 
10000, 1.4, 0.05, 0, 0.7, 0.6, 4.07038, 6.48757, n_ 2 _nu_ 3 _alpha_ 2 _beta_ 1 _mu_ 1 _lambda_ 2.csv, 329, 534, -19060.4, 651, 6141, -19058.3, 1000, 7659, -19057.7, 0.0622916, 340, 2976, -19055.2, 0.0622715, 663, 11384, -19053.3, 0.0621299, 
10000, 1.4, 0.05, 0, 1.8, 0.6, 4.25616, 6.69677, n_ 2 _nu_ 3 _alpha_ 2 _beta_ 1 _mu_ 2 _lambda_ 2.csv, 215, 355, -19285.2, 600, 6108, -19282.9, 1000, 8621, -19288, 0.0509496, 239, 2180, -19284.9, 0.05086, 600, 10501, -19282.9, 0.0507913, 
10000, 1.4, 0.05, 0, 0.7, 1.1, 3.0076, 4.77317, n_ 2 _nu_ 3 _alpha_ 2 _beta_ 1 _mu_ 1 _lambda_ 3.csv, 81, 120, -14531.9, 917, 14058, -14529.8, 1000, 8455, -14531, 0.0406806, 84, 849, -14530, 0.040607, 913, 20669, -14528, 0.0405263, 
10000, 1.4, 0.05, 0, 1.8, 4, 1.8655, 2.84009, n_ 2 _nu_ 3 _alpha_ 2 _beta_ 1 _mu_ 2 _lambda_ 4.csv, 109, 193, -8184.14, 452, 8335, -8183.36, 728, 5697, -8184.17, 0.0448747, 115, 1049, -8183.89, 0.0448297, 453, 11231, -8183.14, 0.0448386, 
10000, 1.4, 0.05, 0, 1.8, 1.1, 3.20185, 4.99737, n_ 2 _nu_ 3 _alpha_ 2 _beta_ 1 _mu_ 2 _lambda_ 3.csv, 600, 797, -15279.9, 800, 7403, -15279.6, 1000, 8318, -15281.5, 0.0609773, 584, 5034, -15277.3, 0.0608218, 802, 12997, -15277.1, 0.0607067, 
10000, 1.4, 0.2, 0, 0.7, 4, 1.874, 2.87239, n_ 2 _nu_ 3 _alpha_ 3 _beta_ 1 _mu_ 1 _lambda_ 4.csv, 245, 375, -6740.5, 317, 7238, -6739.19, 325, 2516, -6740.25, 0.19626, 205, 1790, -6740.45, 0.196117, 318, 9297, -6739.09, 0.196176, 
10000, 1.4, 0.2, 0, 0.7, 0.1, 19.4589, 29.4421, n_ 2 _nu_ 3 _alpha_ 3 _beta_ 1 _mu_ 1 _lambda_ 1.csv, 1000, 1581, -36259.8, 684, 3968, -36259.1, 1000, 7630, -35392.5, 0.36107, 912, 8170, -35391, 0.361315, 1000, 15300, -35390.1, 0.360596, 
10000, 1.4, 0.2, 0, 0.7, 0.6, 5.33352, 8.24849, n_ 2 _nu_ 3 _alpha_ 3 _beta_ 1 _mu_ 1 _lambda_ 2.csv, 397, 681, -19084.2, 825, 8668, -19081.7, 1000, 7640, -19084.7, 0.205766, 856, 7621, -19081.7, 0.205561, 816, 14332, -19080.9, 0.205339, 
10000, 1.4, 0.2, 0, 0.7, 1.1, 3.69278, 5.71921, n_ 2 _nu_ 3 _alpha_ 3 _beta_ 1 _mu_ 1 _lambda_ 3.csv, 120, 173, -14936.7, 1000, 15331, -14934.6, 1000, 7634, -14935.4, 0.191758, 224, 2057, -14934.5, 0.191255, 1000, 21776, -14933.2, 0.190903, 
10000, 1.4, 0.2, 0, 1.8, 0.1, 19.696, 29.6868, n_ 2 _nu_ 3 _alpha_ 3 _beta_ 1 _mu_ 2 _lambda_ 1.csv, 1000, 1721, -36480.7, 649, 3971, -36480.1, 1000, 7748, -35660.2, 0.347677, 5, 49, -36040.8, 0.339519, 1000, 15162, -35658.2, 0.346966, 
10000, 1.4, 0.2, 0, 1.8, 4, 2.09866, 3.13886, n_ 2 _nu_ 3 _alpha_ 3 _beta_ 1 _mu_ 2 _lambda_ 4.csv, 34, 53, -8594.09, 238, 5052, -8593.91, 699, 5381, -8594.1, 0.191643, 22, 204, -8593.55, 0.191452, 248, 6890, -8593.32, 0.191366, 
10000, 1.4, 0.2, 0, 1.8, 0.6, 5.58009, 8.51621, n_ 2 _nu_ 3 _alpha_ 3 _beta_ 1 _mu_ 2 _lambda_ 2.csv, 175, 273, -19829.6, 744, 10441, -19826.4, 1000, 7561, -19826.1, 0.211626, 484, 4401, -19824.3, 0.211164, 748, 15999, -19823.2, 0.211069, 
10000, 1.4, 0.2, 0, 1.8, 1.1, 3.93759, 5.99186, n_ 2 _nu_ 3 _alpha_ 3 _beta_ 1 _mu_ 2 _lambda_ 3.csv, 390, 585, -16060.5, 865, 11496, -16060, 1000, 7701, -16062.7, 0.196035, 306, 2600, -16060.1, 0.195418, 863, 17779, -16059.5, 0.195133, 
10000, 1.4, 0.7, 0, 0.7, 0.1, 54.3541, 79.8538, n_ 2 _nu_ 3 _alpha_ 4 _beta_ 1 _mu_ 1 _lambda_ 1.csv, 597, 1248, -45830.2, 1000, 37020, -45812.2, 1000, 7668, -44694, 1.21486, 2, 25, -49458, 0.531378, 2, 94, -49359.3, 0.473549, 
10000, 1.4, 0.7, 0, 0.7, 4, 2.62724, 3.88534, n_ 2 _nu_ 3 _alpha_ 4 _beta_ 1 _mu_ 1 _lambda_ 4.csv, 110, 169, -7739.92, 442, 5765, -7737.1, 1000, 7568, -7738.49, 0.688597, 278, 2388, -7737.61, 0.68858, 455, 9533, -7736.69, 0.688608, 
10000, 1.4, 0.7, 0, 0.7, 1.1, 6.4467, 9.56147, n_ 2 _nu_ 3 _alpha_ 4 _beta_ 1 _mu_ 1 _lambda_ 3.csv, 188, 340, -17727.8, 659, 12633, -17722.5, 826, 6368, -17722.5, 0.715004, 25, 222, -17756.2, 0.666207, 681, 18510, -17721.8, 0.713391, 
10000, 1.4, 0.7, 0, 0.7, 0.6, 10.5505, 15.6122, n_ 2 _nu_ 3 _alpha_ 4 _beta_ 1 _mu_ 1 _lambda_ 2.csv, 496, 916, -23448.4, 768, 16711, -23444, 840, 6375, -23442.8, 0.727231, 7, 70, -23678.1, 0.518491, 780, 24412, -23442, 0.724428, 
10000, 1.4, 0.7, 0, 1.8, 4, 2.96423, 4.26215, n_ 2 _nu_ 3 _alpha_ 4 _beta_ 1 _mu_ 2 _lambda_ 4.csv, 251, 377, -9473.3, 329, 5677, -9472, 372, 2795, -9472.69, 0.695807, 61, 524, -9474.04, 0.693492, 326, 8512, -9471.96, 0.695923, 
10000, 1.4, 0.7, 0, 1.8, 1.1, 6.87921, 10.0206, n_ 2 _nu_ 3 _alpha_ 4 _beta_ 1 _mu_ 2 _lambda_ 3.csv, 134, 199, -18404.3, 771, 13944, -18402.8, 685, 5147, -18403.3, 0.716565, 7, 66, -18519.1, 0.594161, 805, 22686, -18401.8, 0.717199, 
10000, 1.4, 0.7, 0, 1.8, 0.1, 54.9885, 80.4985, n_ 2 _nu_ 3 _alpha_ 4 _beta_ 1 _mu_ 2 _lambda_ 1.csv, 1000, 2269, -45721.5, 1000, 40718, -45710.3, 969, 8521, -45002.5, 1.16818, 2, 25, -48856.8, 0.547806, 2, 90, -48828.1, 0.484033, 
10000, 1.4, 0.7, 0, 1.8, 0.6, 11.0311, 16.1138, n_ 2 _nu_ 3 _alpha_ 4 _beta_ 1 _mu_ 2 _lambda_ 2.csv, 402, 640, -24318.2, 846, 14757, -24313.2, 969, 7350, -24313.8, 0.710428, 7, 81, -24507.9, 0.557109, 882, 24512, -24312.8, 0.710158, 
10000, 1.4, 2, 0, 0.7, 4, 5.0009, 7.13176, n_ 2 _nu_ 3 _alpha_ 5 _beta_ 1 _mu_ 1 _lambda_ 4.csv, 633, 1028, -12209.8, 478, 6249, -12204.9, 841, 6621, -12205.8, 1.99581, 24, 224, -12548.8, 1.14333, 575, 11642, -12204.7, 1.97934, 
10000, 1.4, 2, 0, 0.7, 1.1, 15.103, 21.8484, n_ 2 _nu_ 3 _alpha_ 5 _beta_ 1 _mu_ 1 _lambda_ 3.csv, 486, 972, -26399.5, 574, 16142, -26383.7, 1000, 8232, -26388.7, 1.8301, 27, 266, -26794.3, 0.780379, 1000, 32207, -26394.2, 1.72213, 
10000, 1.4, 2, 0, 0.7, 0.1, 151.234, 221.142, n_ 2 _nu_ 3 _alpha_ 5 _beta_ 1 _mu_ 1 _lambda_ 1.csv, 1000, 2831, -60050, 1000, 66323, -60003.6, 1000, 7766, -59377.7, 1.42714, 2, 30, -73895.4, 0.519583, 2, 112, -72865.8, 0.499037, 
10000, 1.4, 2, 0, 0.7, 0.6, 26.5289, 38.5437, n_ 2 _nu_ 3 _alpha_ 5 _beta_ 1 _mu_ 1 _lambda_ 2.csv, 814, 1737, -34414.6, 1000, 30112, -34401.7, 1000, 7785, -34407.1, 1.59828, 5, 51, -35725.8, 0.598745, 1000, 41652, -34419.2, 1.46526, 
10000, 1.4, 2, 0, 1.8, 0.1, 152.985, 222.917, n_ 2 _nu_ 3 _alpha_ 5 _beta_ 1 _mu_ 2 _lambda_ 1.csv, 809, 2047, -60048.6, 1000, 65777, -60000.1, 1000, 8034, -59537.9, 1.49126, 2, 26, -74879.7, 0.539516, 2, 114, -73919.7, 0.514202, 
10000, 1.4, 2, 0, 1.8, 1.1, 16.1039, 22.8893, n_ 2 _nu_ 3 _alpha_ 5 _beta_ 1 _mu_ 2 _lambda_ 3.csv, 456, 822, -27566, 569, 12676, -27547.7, 1000, 7780, -27566.8, 1.48089, 5, 48, -28326.4, 0.700263, 1000, 27478, -27559.5, 1.53552, 
10000, 1.4, 2, 0, 1.8, 4, 5.6642, 7.84112, n_ 2 _nu_ 3 _alpha_ 5 _beta_ 1 _mu_ 2 _lambda_ 4.csv, 410, 720, -13819.5, 409, 6082, -13812.7, 873, 6753, -13813.2, 2.0011, 5, 49, -14778.6, 0.839229, 770, 18933, -13812.7, 1.99018, 
10000, 1.4, 2, 0, 1.8, 0.6, 27.7163, 39.7674, n_ 2 _nu_ 3 _alpha_ 5 _beta_ 1 _mu_ 2 _lambda_ 2.csv, 669, 1324, -34715, 770, 23802, -34694.7, 1000, 7915, -34712.9, 1.39831, 10, 93, -35546, 0.664339, 1000, 36585, -34713.2, 1.37992, 
10000, 1.4, 5, 0, 0.7, 1.1, 36.4975, 52.5029, n_ 2 _nu_ 3 _alpha_ 6 _beta_ 1 _mu_ 1 _lambda_ 3.csv, 810, 1686, -42564.9, 1000, 22298, -42506.3, 1000, 8160, -38407.8, 1.45231, 5, 55, -40332, 0.618041, 4, 155, -41015.2, 0.504667, 
10000, 1.4, 5, 0, 0.7, 0.6, 65.0693, 94.2255, n_ 2 _nu_ 3 _alpha_ 6 _beta_ 1 _mu_ 1 _lambda_ 2.csv, 656, 1985, -58308.3, 1000, 30154, -58227.5, 1000, 7892, -46736.8, 1.57581, 4, 41, -50501.4, 0.552917, 2, 93, -51590.6, 0.507408, 
10000, 1.4, 5, 0, 0.7, 0.1, 376.852, 550.705, n_ 2 _nu_ 3 _alpha_ 6 _beta_ 1 _mu_ 1 _lambda_ 1.csv, 556, 2072, -213545, 1000, 55556, -213418, 1000, 7869, -73431.3, 1.37091, 2, 26, -114411, 0.511321, 2, 131, -108069, 0.519603, 
10000, 1.4, 5, 0, 0.7, 4, 11.2604, 15.8257, n_ 2 _nu_ 3 _alpha_ 6 _beta_ 1 _mu_ 1 _lambda_ 4.csv, 511, 960, -21957.8, 1000, 15924, -21912, 1000, 7769, -21928.5, 1.69139, 3, 34, -23225, 0.755056, 1000, 21574, -21857.8, 2.15219, 
10000, 1.4, 5, 0, 1.8, 0.6, 67.9705, 97.2093, n_ 2 _nu_ 3 _alpha_ 6 _beta_ 1 _mu_ 2 _lambda_ 2.csv, 829, 2423, -55603.5, 1000, 27713, -55531.9, 1000, 8133, -47228.4, 1.40018, 9, 123, -49810.2, 0.66002, 2, 112, -52163.6, 0.533261, 
10000, 1.4, 5, 0, 1.8, 4, 12.759, 17.4054, n_ 2 _nu_ 3 _alpha_ 6 _beta_ 1 _mu_ 2 _lambda_ 4.csv, 362, 702, -23106.6, 1000, 16974, -23045.7, 1000, 7598, -23192.4, 1.42153, 3, 32, -24329.3, 0.81762, 3, 93, -24420.7, 0.587759, 
10000, 1.4, 5, 0, 1.8, 1.1, 38.9051, 54.9963, n_ 2 _nu_ 3 _alpha_ 6 _beta_ 1 _mu_ 2 _lambda_ 3.csv, 620, 1332, -41843.4, 1000, 21858, -41765.5, 1000, 7578, -39383.1, 1.30606, 13, 119, -40078.4, 0.738487, 4, 140, -41250.2, 0.536404, 
10000, 1.4, 5, 0, 1.8, 0.1, 381.211, 555.123, n_ 2 _nu_ 3 _alpha_ 6 _beta_ 1 _mu_ 2 _lambda_ 1.csv, 787, 3002, -208829, 1000, 50987, -208740, 1000, 7233, -72644.7, 1.32691, 2, 25, -113017, 0.508449, 2, 126, -106755, 0.52012, 
